layout_name,input_count,average_remaining_candidates,weighted_unique_share,max_remaining_candidates
qwerty_derived_control,1,119.15579585502786,0.0,190
qwerty_derived_control,2,22.000835297745557,1.9505149125306785e-07,57
qwerty_derived_control,3,4.55845398675858,0.19951114713363943,25
qwerty_derived_control,4,1.78249095238244,0.4894782101370875,10
qwerty_derived_control,5,1.5290227720162965,0.561071358971791,6
qwerty_derived_control,6,1.5243302358264796,0.5657626008622725,6
qwerty_derived_control,7,1.524328277813294,0.5657642579806172,6
qwerty_derived_control,8,1.5188384921294744,0.5712540436644369,6
qwerty_derived_control,9,1.5188382743700872,0.5712542614238241,6
qwerty_derived_control,10,1.5188382743700872,0.5712542614238241,6
qwerty_derived_control,11,1.5188382743700872,0.5712542614238241,6
qwerty_derived_control,12,1.5188382743700872,0.5712542614238241,6
qwerty_derived_control,13,1.5188382743700872,0.5712542614238241,6
qwerty_derived_control,14,1.5188382743700872,0.5712542614238241,6
best_random_layout,1,78.81069325803689,0.0,125
best_random_layout,2,13.318711709529715,0.03148684814260183,49
best_random_layout,3,2.741559746150446,0.49925289097848063,17
best_random_layout,4,1.2403459200798341,0.8322073279448322,6
best_random_layout,5,1.1501556717835795,0.8826551032636667,4
best_random_layout,6,1.1454640013399047,0.8873462016063567,3
best_random_layout,7,1.1454622600055027,0.8873477980789936,3
best_random_layout,8,1.139972796072681,0.8928372620118151,3
best_random_layout,9,1.139972367306411,0.8928376907780851,3
best_random_layout,10,1.139972367306411,0.8928376907780851,3
best_random_layout,11,1.139972367306411,0.8928376907780851,3
best_random_layout,12,1.139972367306411,0.8928376907780851,3
best_random_layout,13,1.139972367306411,0.8928376907780851,3
best_random_layout,14,1.139972367306411,0.8928376907780851,3
best_frequency_based_layout_frequency_static,1,85.00944832979982,0.0,134
best_frequency_based_layout_frequency_static,2,13.34028994950118,0.003067421839181366,38
best_frequency_based_layout_frequency_static,3,2.966951212263314,0.3514410354483766,16
best_frequency_based_layout_frequency_static,4,1.4330101512217663,0.6712614447404913,7
best_frequency_based_layout_frequency_static,5,1.3391323271395619,0.7281868055272632,4
best_frequency_based_layout_frequency_static,6,1.3344408745313732,0.7328778517270232,3
best_frequency_based_layout_frequency_static,7,1.3344390171513028,0.7328793985527724,3
best_frequency_based_layout_frequency_static,8,1.3289492259985127,0.7383691897055625,3
best_frequency_based_layout_frequency_static,9,1.3289490082391255,0.7383694074649497,3
best_frequency_based_layout_frequency_static,10,1.3289490082391255,0.7383694074649497,3
best_frequency_based_layout_frequency_static,11,1.3289490082391255,0.7383694074649497,3
best_frequency_based_layout_frequency_static,12,1.3289490082391255,0.7383694074649497,3
best_frequency_based_layout_frequency_static,13,1.3289490082391255,0.7383694074649497,3
best_frequency_based_layout_frequency_static,14,1.3289490082391255,0.7383694074649497,3
best_greedy_optimized_layout,1,66.84769310970269,0.0,153
best_greedy_optimized_layout,2,10.287639898922887,0.06844388179273118,42
best_greedy_optimized_layout,3,2.642966183553065,0.53324874062023,16
best_greedy_optimized_layout,4,1.2117865725666483,0.8577307309328134,6
best_greedy_optimized_layout,5,1.107083234331695,0.9232583535649247,6
best_greedy_optimized_layout,6,1.1023909760396473,0.9279495064704879,6
best_greedy_optimized_layout,7,1.1023892347052453,0.9279511029431249,6
best_greedy_optimized_layout,8,1.0968995597655409,0.9334407778828292,6
best_greedy_optimized_layout,9,1.0968993420061537,0.9334409956422164,6
best_greedy_optimized_layout,10,1.0968993420061537,0.9334409956422164,6
best_greedy_optimized_layout,11,1.0968993420061537,0.9334409956422164,6
best_greedy_optimized_layout,12,1.0968993420061537,0.9334409956422164,6
best_greedy_optimized_layout,13,1.0968993420061537,0.9334409956422164,6
best_greedy_optimized_layout,14,1.0968993420061537,0.9334409956422164,6
best_genetic_algorithm_layout,1,80.78120429704423,0.0,102
best_genetic_algorithm_layout,2,11.896436007405713,0.023043018495743067,36
best_genetic_algorithm_layout,3,2.7171704465666418,0.4514145561915048,17
best_genetic_algorithm_layout,4,1.2244850360050665,0.8249774625818477,6
best_genetic_algorithm_layout,5,1.1591228193255765,0.8654198557542808,4
best_genetic_algorithm_layout,6,1.1544312495048703,0.870110853474002,3
best_genetic_algorithm_layout,7,1.1478764461868751,0.8733889320499996,3
best_genetic_algorithm_layout,8,1.142386771247171,0.8788786069897039,3
best_genetic_algorithm_layout,9,1.1423865534877837,0.8788788247490911,3
best_genetic_algorithm_layout,10,1.1423865534877837,0.8788788247490911,3
best_genetic_algorithm_layout,11,1.1423865534877837,0.8788788247490911,3
best_genetic_algorithm_layout,12,1.1423865534877837,0.8788788247490911,3
best_genetic_algorithm_layout,13,1.1423865534877837,0.8788788247490911,3
best_genetic_algorithm_layout,14,1.1423865534877837,0.8788788247490911,3
evolved_rank_1,1,80.78120429704423,0.0,102
evolved_rank_1,2,11.896436007405713,0.023043018495743067,36
evolved_rank_1,3,2.7171704465666418,0.4514145561915048,17
evolved_rank_1,4,1.2244850360050665,0.8249774625818477,6
evolved_rank_1,5,1.1591228193255765,0.8654198557542808,4
evolved_rank_1,6,1.1544312495048703,0.870110853474002,3
evolved_rank_1,7,1.1478764461868751,0.8733889320499996,3
evolved_rank_1,8,1.142386771247171,0.8788786069897039,3
evolved_rank_1,9,1.1423865534877837,0.8788788247490911,3
evolved_rank_1,10,1.1423865534877837,0.8788788247490911,3
evolved_rank_1,11,1.1423865534877837,0.8788788247490911,3
evolved_rank_1,12,1.1423865534877837,0.8788788247490911,3
evolved_rank_1,13,1.1423865534877837,0.8788788247490911,3
evolved_rank_1,14,1.1423865534877837,0.8788788247490911,3
evolved_rank_2,1,72.27453229539626,0.0,165
evolved_rank_2,2,15.1055269528543,0.005377190042944993,59
evolved_rank_2,3,2.9774701261098206,0.3584140176270331,20
evolved_rank_2,4,1.3994169362821964,0.7199393327662049,7
evolved_rank_2,5,1.289169372765217,0.7751420715986798,4
evolved_rank_2,6,1.284476610531385,0.7798334670566345,4
evolved_rank_2,7,1.2844745752372837,0.7798352103290205,4
evolved_rank_2,8,1.2789849002975793,0.7853248852687248,4
evolved_rank_2,9,1.278984682538192,0.785325103028112,4
evolved_rank_2,10,1.278984682538192,0.785325103028112,4
evolved_rank_2,11,1.278984682538192,0.785325103028112,4
evolved_rank_2,12,1.278984682538192,0.785325103028112,4
evolved_rank_2,13,1.278984682538192,0.785325103028112,4
evolved_rank_2,14,1.278984682538192,0.785325103028112,4
evolved_rank_3,1,73.59158665150176,0.0,173
evolved_rank_3,2,12.673353555524454,0.023043063952120982,54
evolved_rank_3,3,3.2625697661553965,0.3879819362973961,17
evolved_rank_3,4,1.3545125463830001,0.7895316574768478,6
evolved_rank_3,5,1.2174694736044174,0.8462963416514063,4
evolved_rank_3,6,1.21277716580246,0.8509879309990765,4
evolved_rank_3,7,1.2127754244680578,0.8509895274717135,4
evolved_rank_3,8,1.2072857495283535,0.8564792024114178,4
evolved_rank_3,9,1.2072855317689664,0.856479420170805,4
evolved_rank_3,10,1.2072855317689664,0.856479420170805,4
evolved_rank_3,11,1.2072855317689664,0.856479420170805,4
evolved_rank_3,12,1.2072855317689664,0.856479420170805,4
evolved_rank_3,13,1.2072855317689664,0.856479420170805,4
evolved_rank_3,14,1.2072855317689664,0.856479420170805,4
evolved_rank_4,1,78.69612403193554,0.0,134
evolved_rank_4,2,12.79462792638896,0.04607148520255435,40
evolved_rank_4,3,2.873181542328002,0.4238096197889409,24
evolved_rank_4,4,1.383914997704192,0.7055762948281767,9
evolved_rank_4,5,1.2282900574549236,0.7981378773500487,5
evolved_rank_4,6,1.2235980603747045,0.8028290114439769,5
evolved_rank_4,7,1.2235963190403025,0.8028306079166139,5
evolved_rank_4,8,1.2181065252037597,0.8083204017531567,5
evolved_rank_4,9,1.2181063074443725,0.8083206195125439,5
evolved_rank_4,10,1.2181063074443725,0.8083206195125439,5
evolved_rank_4,11,1.2181063074443725,0.8083206195125439,5
evolved_rank_4,12,1.2181063074443725,0.8083206195125439,5
evolved_rank_4,13,1.2181063074443725,0.8083206195125439,5
evolved_rank_4,14,1.2181063074443725,0.8083206195125439,5
evolved_rank_5,1,82.70308154305627,0.0,134
evolved_rank_5,2,14.162728540026032,0.009114644239778737,39
evolved_rank_5,3,2.8010237641367297,0.44526216771090027,17
evolved_rank_5,4,1.3360895880019759,0.7731954914277633,6
evolved_rank_5,5,1.2369965431902994,0.8333497047344778,4
evolved_rank_5,6,1.2323046444196444,0.8380408868721446,3
evolved_rank_5,7,1.2323029030852424,0.8380424833447816,3
evolved_rank_5,8,1.226813228145538,0.8435321582844859,3
evolved_rank_5,9,1.2268130103861508,0.8435323760438731,3
evolved_rank_5,10,1.2268130103861508,0.8435323760438731,3
evolved_rank_5,11,1.2268130103861508,0.8435323760438731,3
evolved_rank_5,12,1.2268130103861508,0.8435323760438731,3
evolved_rank_5,13,1.2268130103861508,0.8435323760438731,3
evolved_rank_5,14,1.2268130103861508,0.8435323760438731,3
evolved_rank_6,1,80.43402760518934,0.0,151
evolved_rank_6,2,15.528335635732535,0.022372859078382563,70
evolved_rank_6,3,3.455615684203955,0.36624691487378563,17
evolved_rank_6,4,1.4307891290012134,0.718705680980075,7
evolved_rank_6,5,1.2967613902578845,0.7766147003227392,4
evolved_rank_6,6,1.2920689044708706,0.7813064671329204,4
evolved_rank_6,7,1.2920667746163421,0.7813081597082546,4
evolved_rank_6,8,1.2865770996766377,0.7867978346479589,4
evolved_rank_6,9,1.2865768819172505,0.7867980524073461,4
evolved_rank_6,10,1.2865768819172505,0.7867980524073461,4
evolved_rank_6,11,1.2865768819172505,0.7867980524073461,4
evolved_rank_6,12,1.2865768819172505,0.7867980524073461,4
evolved_rank_6,13,1.2865768819172505,0.7867980524073461,4
evolved_rank_6,14,1.2865768819172505,0.7867980524073461,4
evolved_rank_7,1,78.41230873163158,0.0,169
evolved_rank_7,2,12.532007037129645,5.575153725459303e-07,46
evolved_rank_7,3,3.2378523852096635,0.3735918151703781,18
evolved_rank_7,4,1.4461928673492175,0.6254408268801168,6
evolved_rank_7,5,1.3570175000170608,0.6836929304977529,4
evolved_rank_7,6,1.3523256072988006,0.6883841040159571,4
evolved_rank_7,7,1.3523237665336452,0.6883857999193475,4
evolved_rank_7,8,1.3468339808498255,0.6938755856031672,4
evolved_rank_7,9,1.3468337630904383,0.6938758033625543,4
evolved_rank_7,10,1.3468337630904383,0.6938758033625543,4
evolved_rank_7,11,1.3468337630904383,0.6938758033625543,4
evolved_rank_7,12,1.3468337630904383,0.6938758033625543,4
evolved_rank_7,13,1.3468337630904383,0.6938758033625543,4
evolved_rank_7,14,1.3468337630904383,0.6938758033625543,4
evolved_rank_8,1,77.75010580290433,0.0,126
evolved_rank_8,2,15.757002937930434,0.026110389029081818,58
evolved_rank_8,3,3.586348281279819,0.3586848732851374,16
evolved_rank_8,4,1.345690298097428,0.724567457090955,11
evolved_rank_8,5,1.2636653028922344,0.775839286885544,5
evolved_rank_8,6,1.2556958841161916,0.7838075025641829,4
evolved_rank_8,7,1.2556938521501464,0.7838089999104618,4
evolved_rank_8,8,1.2502042880712423,0.7892985639893658,4
evolved_rank_8,9,1.250203860324697,0.7892989917359113,4
evolved_rank_8,10,1.250203860324697,0.7892989917359113,4
evolved_rank_8,11,1.250203860324697,0.7892989917359113,4
evolved_rank_8,12,1.250203860324697,0.7892989917359113,4
evolved_rank_8,13,1.250203860324697,0.7892989917359113,4
evolved_rank_8,14,1.250203860324697,0.7892989917359113,4
evolved_rank_9,1,81.65548762111021,0.0,127
evolved_rank_9,2,13.675719242429272,0.005377044232480975,43
evolved_rank_9,3,3.1180929635912094,0.35749123696156127,17
evolved_rank_9,4,1.3737171631211902,0.7538396820787987,7
evolved_rank_9,5,1.226844202339598,0.8374664912381479,4
evolved_rank_9,6,1.222152399590468,0.8421574286165567,3
evolved_rank_9,7,1.2221504637119003,0.8421590737670894,3
evolved_rank_9,8,1.216660788772196,0.8476487487067937,3
evolved_rank_9,9,1.216660571012809,0.8476489664661809,3
evolved_rank_9,10,1.216660571012809,0.8476489664661809,3
evolved_rank_9,11,1.216660571012809,0.8476489664661809,3
evolved_rank_9,12,1.216660571012809,0.8476489664661809,3
evolved_rank_9,13,1.216660571012809,0.8476489664661809,3
evolved_rank_9,14,1.216660571012809,0.8476489664661809,3
evolved_rank_10,1,87.37467114326883,0.0,144
evolved_rank_10,2,12.967310747125355,0.011424157279035273,43
evolved_rank_10,3,2.8655424334889137,0.3956176308501038,20
evolved_rank_10,4,1.4038556079615265,0.7060155067962718,7
evolved_rank_10,5,1.2934445388830644,0.765801296951428,5
evolved_rank_10,6,1.288752072988289,0.7704927409046413,5
evolved_rank_10,7,1.288750331653887,0.7704943373772781,5
evolved_rank_10,8,1.2832606567141827,0.7759840123169824,5
evolved_rank_10,9,1.2832604389547955,0.7759842300763696,5
evolved_rank_10,10,1.2832604389547955,0.7759842300763696,5
evolved_rank_10,11,1.2832604389547955,0.7759842300763696,5
evolved_rank_10,12,1.2832604389547955,0.7759842300763696,5
evolved_rank_10,13,1.2832604389547955,0.7759842300763696,5
evolved_rank_10,14,1.2832604389547955,0.7759842300763696,5
evolved_rank_11,1,77.93070011572587,0.0,162
evolved_rank_11,2,14.84298428348422,1.517867601321439e-07,49
evolved_rank_11,3,3.551896548984748,0.3263119737275966,22
evolved_rank_11,4,1.4426235327898873,0.6911729302949223,6
evolved_rank_11,5,1.3558444931320481,0.7497532168563015,4
evolved_rank_11,6,1.3511522811537586,0.7544447103803036,3
evolved_rank_11,7,1.3511506370077306,0.7544462096645665,3
evolved_rank_11,8,1.345660961783924,0.7599358848883732,3
evolved_rank_11,9,1.345660647120265,0.7599361995520321,3
evolved_rank_11,10,1.345660647120265,0.7599361995520321,3
evolved_rank_11,11,1.345660647120265,0.7599361995520321,3
evolved_rank_11,12,1.345660647120265,0.7599361995520321,3
evolved_rank_11,13,1.345660647120265,0.7599361995520321,3
evolved_rank_11,14,1.345660647120265,0.7599361995520321,3
evolved_rank_12,1,85.06155181588332,0.0,202
evolved_rank_12,2,13.946756018579539,0.0053771400460025445,53
evolved_rank_12,3,2.9756055399301604,0.3523323537761248,19
evolved_rank_12,4,1.317044303376791,0.7756615805588176,7
evolved_rank_12,5,1.2051975695491592,0.8422735745425975,5
evolved_rank_12,6,1.2005046932431558,0.8469650920732492,5
evolved_rank_12,7,1.2005027552794796,0.84696673801521,5
evolved_rank_12,8,1.1950130803397754,0.8524564129549144,5
evolved_rank_12,9,1.1950128625803882,0.8524566307143016,5
evolved_rank_12,10,1.1950128625803882,0.8524566307143016,5
evolved_rank_12,11,1.1950128625803882,0.8524566307143016,5
evolved_rank_12,12,1.1950128625803882,0.8524566307143016,5
evolved_rank_12,13,1.1950128625803882,0.8524566307143016,5
evolved_rank_12,14,1.1950128625803882,0.8524566307143016,5
evolved_rank_13,1,92.87631512973525,0.0,135
evolved_rank_13,2,13.551869286019842,0.005376996259767855,42
evolved_rank_13,3,2.77323004865486,0.4643240969092604,17
evolved_rank_13,4,1.2345808583943338,0.8335651462776148,6
evolved_rank_13,5,1.1535432320305612,0.8740081758799247,4
evolved_rank_13,6,1.142298384648375,0.8819758712808935,3
evolved_rank_13,7,1.1422965293229734,0.8819775817445299,3
evolved_rank_13,8,1.1368068543832692,0.8874672566842342,3
evolved_rank_13,9,1.136806636623882,0.8874674744436214,3
evolved_rank_13,10,1.136806636623882,0.8874674744436214,3
evolved_rank_13,11,1.136806636623882,0.8874674744436214,3
evolved_rank_13,12,1.136806636623882,0.8874674744436214,3
evolved_rank_13,13,1.136806636623882,0.8874674744436214,3
evolved_rank_13,14,1.136806636623882,0.8874674744436214,3
evolved_rank_14,1,87.77388500349723,0.0,169
evolved_rank_14,2,13.432315179176713,0.006047613366033475,46
evolved_rank_14,3,2.9707835450160647,0.3962704411153581,17
evolved_rank_14,4,1.37950170107884,0.6761014731128918,7
evolved_rank_14,5,1.2819968191839994,0.7426228040313089,4
evolved_rank_14,6,1.2773046724782278,0.7473142322827933,4
evolved_rank_14,7,1.2773029311438258,0.7473158287554302,4
evolved_rank_14,8,1.2718133670649217,0.7528053928343343,4
evolved_rank_14,9,1.2718130384447341,0.7528057214545217,4
evolved_rank_14,10,1.2718130384447341,0.7528057214545217,4
evolved_rank_14,11,1.2718130384447341,0.7528057214545217,4
evolved_rank_14,12,1.2718130384447341,0.7528057214545217,4
evolved_rank_14,13,1.2718130384447341,0.7528057214545217,4
evolved_rank_14,14,1.2718130384447341,0.7528057214545217,4
evolved_rank_15,1,88.64219903310624,0.0,138
evolved_rank_15,2,13.906199931888166,0.03148699255792032,31
evolved_rank_15,3,2.8788764649695064,0.3770243838267272,16
evolved_rank_15,4,1.3953910081845562,0.7248045919294627,6
evolved_rank_15,5,1.3000747257442173,0.7864333690625958,4
evolved_rank_15,6,1.2953822052459827,0.7911247501277219,4
evolved_rank_15,7,1.295380365586797,0.7911264449251424,4
evolved_rank_15,8,1.2898906906470928,0.7966161198648467,4
evolved_rank_15,9,1.2898904728877056,0.7966163376242339,4
evolved_rank_15,10,1.2898904728877056,0.7966163376242339,4
evolved_rank_15,11,1.2898904728877056,0.7966163376242339,4
evolved_rank_15,12,1.2898904728877056,0.7966163376242339,4
evolved_rank_15,13,1.2898904728877056,0.7966163376242339,4
evolved_rank_15,14,1.2898904728877056,0.7966163376242339,4
evolved_rank_16,1,85.28666846934009,0.0,174
evolved_rank_16,2,12.842764510562132,0.009056185247600742,56
evolved_rank_16,3,3.0882344832989066,0.31776321088349546,16
evolved_rank_16,4,1.427795379089924,0.7079729262434319,6
evolved_rank_16,5,1.3391922471332096,0.7514556196615051,4
evolved_rank_16,6,1.3345002468974252,0.7561469008037719,4
evolved_rank_16,7,1.3344985055630232,0.7561484972764089,4
evolved_rank_16,8,1.3290088306233188,0.7616381722161132,4
evolved_rank_16,9,1.3290086128639316,0.7616383899755004,4
evolved_rank_16,10,1.3290086128639316,0.7616383899755004,4
evolved_rank_16,11,1.3290086128639316,0.7616383899755004,4
evolved_rank_16,12,1.3290086128639316,0.7616383899755004,4
evolved_rank_16,13,1.3290086128639316,0.7616383899755004,4
evolved_rank_16,14,1.3290086128639316,0.7616383899755004,4
evolved_rank_17,1,87.19058184013393,0.0,135
evolved_rank_17,2,15.71753541255773,0.008444081229646787,45
evolved_rank_17,3,3.8689480850039573,0.4303599825058465,16
evolved_rank_17,4,1.3802906106363957,0.7680106074630432,6
evolved_rank_17,5,1.2757634265146212,0.8228305317713974,4
evolved_rank_17,6,1.2669596808773307,0.831633542405438,4
evolved_rank_17,7,1.2669579395429285,0.8316351388780749,4
evolved_rank_17,8,1.2614682646032243,0.8371248138177793,4
evolved_rank_17,9,1.261468046843837,0.8371250315771664,4
evolved_rank_17,10,1.261468046843837,0.8371250315771664,4
evolved_rank_17,11,1.261468046843837,0.8371250315771664,4
evolved_rank_17,12,1.261468046843837,0.8371250315771664,4
evolved_rank_17,13,1.261468046843837,0.8371250315771664,4
evolved_rank_17,14,1.261468046843837,0.8371250315771664,4
evolved_rank_18,1,79.061560137622,0.0,155
evolved_rank_18,2,15.613034470737759,4.97696605584531e-07,41
evolved_rank_18,3,3.085474645490689,0.2932663418608264,21
evolved_rank_18,4,1.508364392472858,0.6098756138256319,7
evolved_rank_18,5,1.4073396712008515,0.6739010509415274,5
evolved_rank_18,6,1.402647729931527,0.6785918390495114,3
evolved_rank_18,7,1.4026458746061254,0.6785935495131478,3
evolved_rank_18,8,1.3971561996664212,0.6840832244528521,3
evolved_rank_18,9,1.397155981907034,0.6840834422122393,3
evolved_rank_18,10,1.397155981907034,0.6840834422122393,3
evolved_rank_18,11,1.397155981907034,0.6840834422122393,3
evolved_rank_18,12,1.397155981907034,0.6840834422122393,3
evolved_rank_18,13,1.397155981907034,0.6840834422122393,3
evolved_rank_18,14,1.397155981907034,0.6840834422122393,3
evolved_rank_19,1,86.9283891601721,0.0,146
evolved_rank_19,2,16.600711807787665,0.02006342848969007,42
evolved_rank_19,3,2.9518806863180935,0.40579047558641773,16
evolved_rank_19,4,1.4020125351491235,0.70855361733718,6
evolved_rank_19,5,1.278423323164297,0.7889147457214539,4
evolved_rank_19,6,1.2691619084025203,0.7981750360263751,3
evolved_rank_19,7,1.2691597797249872,0.7981767280132115,3
evolved_rank_19,8,1.2636699940411675,0.8036665136970311,3
evolved_rank_19,9,1.2636697762817803,0.8036667314564183,3
evolved_rank_19,10,1.2636697762817803,0.8036667314564183,3
evolved_rank_19,11,1.2636697762817803,0.8036667314564183,3
evolved_rank_19,12,1.2636697762817803,0.8036667314564183,3
evolved_rank_19,13,1.2636697762817803,0.8036667314564183,3
evolved_rank_19,14,1.2636697762817803,0.8036667314564183,3
evolved_rank_20,1,92.16564327873677,0.0,127
evolved_rank_20,2,12.993684243011936,4.0387180054813704e-07,34
evolved_rank_20,3,2.744960646702862,0.3802826325499661,16
evolved_rank_20,4,1.3249513086790008,0.7549069243562264,6
evolved_rank_20,5,1.238972542759441,0.8126896727248707,4
evolved_rank_20,6,1.234281279419231,0.8173803639640956,3
evolved_rank_20,7,1.234279227834903,0.8173822706866585,3
evolved_rank_20,8,1.2287895528951989,0.8228719456263627,3
evolved_rank_20,9,1.2287893351358117,0.8228721633857499,3
evolved_rank_20,10,1.2287893351358117,0.8228721633857499,3
evolved_rank_20,11,1.2287893351358117,0.8228721633857499,3
evolved_rank_20,12,1.2287893351358117,0.8228721633857499,3
evolved_rank_20,13,1.2287893351358117,0.8228721633857499,3
evolved_rank_20,14,1.2287893351358117,0.8228721633857499,3
evolved_rank_21,1,78.75457924763724,0.0,159
evolved_rank_21,2,14.17565883511129,9.98721267409133e-08,46
evolved_rank_21,3,3.609601508777202,0.20887389198981934,17
evolved_rank_21,4,1.56950065692996,0.5717506611021262,6
evolved_rank_21,5,1.4247628857488939,0.6460801430637494,5
evolved_rank_21,6,1.4145815245673943,0.6507719911779388,4
evolved_rank_21,7,1.4145794931594073,0.6507734904622017,3
evolved_rank_21,8,1.4090898179356006,0.6562631656860084,3
evolved_rank_21,9,1.409089503271942,0.6562634803496672,3
evolved_rank_21,10,1.409089503271942,0.6562634803496672,3
evolved_rank_21,11,1.409089503271942,0.6562634803496672,3
evolved_rank_21,12,1.409089503271942,0.6562634803496672,3
evolved_rank_21,13,1.409089503271942,0.6562634803496672,3
evolved_rank_21,14,1.409089503271942,0.6562634803496672,3
evolved_rank_22,1,88.73206407469988,0.0,126
evolved_rank_22,2,14.419904274819348,0.009114626280450856,43
evolved_rank_22,3,2.876360978331695,0.3240156775157858,16
evolved_rank_22,4,1.512288039230362,0.6681796981355317,11
evolved_rank_22,5,1.421214801980286,0.7234916561030419,4
evolved_rank_22,6,1.413289506518068,0.7314156662202219,3
evolved_rank_22,7,1.4132876672495231,0.7314173606270017,3
evolved_rank_22,8,1.407797992309819,0.736907035566706,3
evolved_rank_22,9,1.4077977745504318,0.7369072533260932,3
evolved_rank_22,10,1.4077977745504318,0.7369072533260932,3
evolved_rank_22,11,1.4077977745504318,0.7369072533260932,3
evolved_rank_22,12,1.4077977745504318,0.7369072533260932,3
evolved_rank_22,13,1.4077977745504318,0.7369072533260932,3
evolved_rank_22,14,1.4077977745504318,0.7369072533260932,3
evolved_rank_23,1,94.87624831962009,0.0,161
evolved_rank_23,2,13.937764607087608,0.0200632301304356,67
evolved_rank_23,3,3.2828424740181394,0.42962663590752936,19
evolved_rank_23,4,1.3813305421486952,0.7959073804527023,11
evolved_rank_23,5,1.2205605190014421,0.8586720819846874,5
evolved_rank_23,6,1.2158662977447106,0.8633637322570945,4
evolved_rank_23,7,1.2093114944267154,0.8666418108330921,4
evolved_rank_23,8,1.203821622857737,0.8721315352421202,4
evolved_rank_23,9,1.2038214050983498,0.8721317530015074,4
evolved_rank_23,10,1.2038214050983498,0.8721317530015074,4
evolved_rank_23,11,1.2038214050983498,0.8721317530015074,4
evolved_rank_23,12,1.2038214050983498,0.8721317530015074,4
evolved_rank_23,13,1.2038214050983498,0.8721317530015074,4
evolved_rank_23,14,1.2038214050983498,0.8721317530015074,4
evolved_rank_24,1,91.36067806083918,0.0,171
evolved_rank_24,2,14.82033846605542,5.386783712968695e-07,41
evolved_rank_24,3,3.484224601537054,0.4091491612775524,20
evolved_rank_24,4,1.3167628463477317,0.74871930911565,7
evolved_rank_24,5,1.207069352188772,0.8118992735526789,5
evolved_rank_24,6,1.1991433321945055,0.8198235644593844,5
evolved_rank_24,7,1.1991415908601035,0.8198251609320214,5
evolved_rank_24,8,1.1936519159203993,0.8253148358717257,5
evolved_rank_24,9,1.1936516981610121,0.8253150536311129,5
evolved_rank_24,10,1.1936516981610121,0.8253150536311129,5
evolved_rank_24,11,1.1936516981610121,0.8253150536311129,5
evolved_rank_24,12,1.1936516981610121,0.8253150536311129,5
evolved_rank_24,13,1.1936516981610121,0.8253150536311129,5
evolved_rank_24,14,1.1936516981610121,0.8253150536311129,5
evolved_rank_25,1,79.09618279520744,0.0,155
evolved_rank_25,2,16.206936616607557,0.006047419456024926,60
evolved_rank_25,3,3.3757641558931515,0.25409315261794496,21
evolved_rank_25,4,1.672515125661967,0.5366241492815721,9
evolved_rank_25,5,1.5534420880597324,0.5898710306616729,4
evolved_rank_25,6,1.5487489538192238,0.5945625786572296,4
evolved_rank_25,7,1.5487473096731958,0.5945640779414926,4
evolved_rank_25,8,1.5432576344493891,0.6000537531652992,4
evolved_rank_25,9,1.5432573197857302,0.6000540678289581,4
evolved_rank_25,10,1.5432573197857302,0.6000540678289581,4
evolved_rank_25,11,1.5432573197857302,0.6000540678289581,4
evolved_rank_25,12,1.5432573197857302,0.6000540678289581,4
evolved_rank_25,13,1.5432573197857302,0.6000540678289581,4
evolved_rank_25,14,1.5432573197857302,0.6000540678289581,4
evolved_rank_26,1,90.57994547599772,0.0,162
evolved_rank_26,2,15.375134613677293,0.020063226426958385,67
evolved_rank_26,3,4.166129914263331,0.43811705628708025,19
evolved_rank_26,4,1.4439993996789855,0.7391837513270457,11
evolved_rank_26,5,1.2218639385757328,0.8412657975935731,5
evolved_rank_26,6,1.2171688236699485,0.8459572826706032,5
evolved_rank_26,7,1.2106137267828947,0.8492355076557091,5
evolved_rank_26,8,1.2051240518431905,0.8547251825954134,5
evolved_rank_26,9,1.2051238340838033,0.8547254003548006,5
evolved_rank_26,10,1.2051238340838033,0.8547254003548006,5
evolved_rank_26,11,1.2051238340838033,0.8547254003548006,5
evolved_rank_26,12,1.2051238340838033,0.8547254003548006,5
evolved_rank_26,13,1.2051238340838033,0.8547254003548006,5
evolved_rank_26,14,1.2051238340838033,0.8547254003548006,5
evolved_rank_27,1,89.08842962985284,0.0,147
evolved_rank_27,2,12.76038224299479,2.9197098273221075e-07,35
evolved_rank_27,3,3.055594984611387,0.25496119858910177,20
evolved_rank_27,4,1.5719858512599663,0.5437926453686618,7
evolved_rank_27,5,1.408825617882651,0.6301070474342075,6
evolved_rank_27,6,1.4041333298613203,0.634798326988545,6
evolved_rank_27,7,1.4041315885269183,0.634799923461182,6
evolved_rank_27,8,1.3986419135872141,0.6402895984008863,6
evolved_rank_27,9,1.398641695827827,0.6402898161602735,6
evolved_rank_27,10,1.398641695827827,0.6402898161602735,6
evolved_rank_27,11,1.398641695827827,0.6402898161602735,6
evolved_rank_27,12,1.398641695827827,0.6402898161602735,6
evolved_rank_27,13,1.398641695827827,0.6402898161602735,6
evolved_rank_27,14,1.398641695827827,0.6402898161602735,6
evolved_rank_28,1,77.66062383599647,0.0,151
evolved_rank_28,2,15.659820348979315,0.02170456938939866,70
evolved_rank_28,3,4.953939766265631,0.2694344058729545,17
evolved_rank_28,4,1.7792875350852972,0.5713456189114585,7
evolved_rank_28,5,1.6504810726929926,0.6307695258550369,5
evolved_rank_28,6,1.6324013260474355,0.6387377474135799,5
evolved_rank_28,7,1.632399586940193,0.6387393416590573,5
evolved_rank_28,8,1.6269099120004888,0.6442290165987616,5
evolved_rank_28,9,1.6269095951147436,0.6442293334845068,5
evolved_rank_28,10,1.6269095951147436,0.6442293334845068,5
evolved_rank_28,11,1.6269095951147436,0.6442293334845068,5
evolved_rank_28,12,1.6269095951147436,0.6442293334845068,5
evolved_rank_28,13,1.6269095951147436,0.6442293334845068,5
evolved_rank_28,14,1.6269095951147436,0.6442293334845068,5
evolved_rank_29,1,88.75008401335407,0.0,134
evolved_rank_29,2,14.612259418460619,2.9477142030007545e-07,35
evolved_rank_29,3,3.0406962197400347,0.3027579175294062,16
evolved_rank_29,4,1.606458660363502,0.6129913657127514,6
evolved_rank_29,5,1.5082455010678366,0.6602887931678368,4
evolved_rank_29,6,1.5035537005103534,0.6649798752710329,4
evolved_rank_29,7,1.5035518451849519,0.6649815857346693,4
evolved_rank_29,8,1.4980621702452477,0.6704712606743736,4
evolved_rank_29,9,1.4980619524858605,0.6704714784337608,4
evolved_rank_29,10,1.4980619524858605,0.6704714784337608,4
evolved_rank_29,11,1.4980619524858605,0.6704714784337608,4
evolved_rank_29,12,1.4980619524858605,0.6704714784337608,4
evolved_rank_29,13,1.4980619524858605,0.6704714784337608,4
evolved_rank_29,14,1.4980619524858605,0.6704714784337608,4
evolved_rank_30,1,89.56677571178241,0.0,151
evolved_rank_30,2,15.347287580344954,0.006047456571969213,51
evolved_rank_30,3,3.1937455808062456,0.4064983295275988,19
evolved_rank_30,4,1.4751246457292966,0.7248071069253288,6
evolved_rank_30,5,1.3575693360159737,0.7909220882393746,4
evolved_rank_30,6,1.3528777341525797,0.7956129551299582,4
evolved_rank_30,7,1.352875701877066,0.7956146959925473,4
evolved_rank_30,8,1.3473859161932464,0.8011044816763669,4
evolved_rank_30,9,1.3473856984338592,0.8011046994357541,4
evolved_rank_30,10,1.3473856984338592,0.8011046994357541,4
evolved_rank_30,11,1.3473856984338592,0.8011046994357541,4
evolved_rank_30,12,1.3473856984338592,0.8011046994357541,4
evolved_rank_30,13,1.3473856984338592,0.8011046994357541,4
evolved_rank_30,14,1.3473856984338592,0.8011046994357541,4
evolved_rank_31,1,90.15401647334835,0.0,200
evolved_rank_31,2,13.25494055720302,0.011423960502636823,40
evolved_rank_31,3,2.9643432995223464,0.3401574563201593,17
evolved_rank_31,4,1.3590012538709961,0.7329352122019059,6
evolved_rank_31,5,1.2428107214205408,0.8019567155196353,5
evolved_rank_31,6,1.238119358223424,0.8066475105120282,5
evolved_rank_31,7,1.2381174229130611,0.8066491544094666,5
evolved_rank_31,8,1.2326276372292415,0.8121389400932862,5
evolved_rank_31,9,1.2326274194698543,0.8121391578526734,5
evolved_rank_31,10,1.2326274194698543,0.8121391578526734,5
evolved_rank_31,11,1.2326274194698543,0.8121391578526734,5
evolved_rank_31,12,1.2326274194698543,0.8121391578526734,5
evolved_rank_31,13,1.2326274194698543,0.8121391578526734,5
evolved_rank_31,14,1.2326274194698543,0.8121391578526734,5
evolved_rank_32,1,93.63368597709929,0.0,136
evolved_rank_32,2,13.65983297089134,0.003009416933896396,45
evolved_rank_32,3,3.305636064348023,0.3656269246359301,20
evolved_rank_32,4,1.453761515362872,0.7322020292972818,7
evolved_rank_32,5,1.3439753971321426,0.7906989016244773,4
evolved_rank_32,6,1.3392825827553807,0.7953903783864401,4
evolved_rank_32,7,1.3392807451305708,0.7953920711494847,4
evolved_rank_32,8,1.3337910701908666,0.800881746089189,4
evolved_rank_32,9,1.3337908524314794,0.8008819638485762,4
evolved_rank_32,10,1.3337908524314794,0.8008819638485762,4
evolved_rank_32,11,1.3337908524314794,0.8008819638485762,4
evolved_rank_32,12,1.3337908524314794,0.8008819638485762,4
evolved_rank_32,13,1.3337908524314794,0.8008819638485762,4
evolved_rank_32,14,1.3337908524314794,0.8008819638485762,4
evolved_rank_33,1,85.05830012560729,0.0,117
evolved_rank_33,2,15.413315766373339,0.00537684513760432,37
evolved_rank_33,3,3.4637410103252755,0.22572200904419953,21
evolved_rank_33,4,1.7148914890052962,0.537734771879196,7
evolved_rank_33,5,1.574456032875398,0.609653285996369,4
evolved_rank_33,6,1.5697643235807253,0.6143442522365339,4
evolved_rank_33,7,1.5697624615180392,0.6143459694374549,4
evolved_rank_33,8,1.5642727865783348,0.6198356443771592,4
evolved_rank_33,9,1.5642725688189476,0.6198358621365464,4
evolved_rank_33,10,1.5642725688189476,0.6198358621365464,4
evolved_rank_33,11,1.5642725688189476,0.6198358621365464,4
evolved_rank_33,12,1.5642725688189476,0.6198358621365464,4
evolved_rank_33,13,1.5642725688189476,0.6198358621365464,4
evolved_rank_33,14,1.5642725688189476,0.6198358621365464,4
evolved_rank_34,1,80.45527855586104,0.0,126
evolved_rank_34,2,16.55400688367199,0.02237270727640266,47
evolved_rank_34,3,3.8637835678200934,0.20116218828533308,22
evolved_rank_34,4,1.6223664797262476,0.5228670274801497,7
evolved_rank_34,5,1.4480569019644347,0.616701042912188,4
evolved_rank_34,6,1.4433640760257214,0.6213924191222077,3
evolved_rank_34,7,1.443362213963035,0.6213941363231287,3
evolved_rank_34,8,1.437872539023331,0.626883811262833,3
evolved_rank_34,9,1.4378723212639437,0.6268840290222202,3
evolved_rank_34,10,1.4378723212639437,0.6268840290222202,3
evolved_rank_34,11,1.4378723212639437,0.6268840290222202,3
evolved_rank_34,12,1.4378723212639437,0.6268840290222202,3
evolved_rank_34,13,1.4378723212639437,0.6268840290222202,3
evolved_rank_34,14,1.4378723212639437,0.6268840290222202,3
evolved_rank_35,1,88.85093998772099,0.0,129
evolved_rank_35,2,16.22049379909386,0.031486959667998665,41
evolved_rank_35,3,3.553565818280963,0.3152288307486509,17
evolved_rank_35,4,1.432725348648952,0.7191461215234682,6
evolved_rank_35,5,1.3049075708623517,0.7813102803751156,4
evolved_rank_35,6,1.3002157873763762,0.7860014917601061,4
evolved_rank_35,7,1.3002138507976992,0.7860031369664446,4
evolved_rank_35,8,1.2947242867187951,0.7914927010453487,4
evolved_rank_35,9,1.2947239580986079,0.7914930296655361,4
evolved_rank_35,10,1.2947239580986079,0.7914930296655361,4
evolved_rank_35,11,1.2947239580986079,0.7914930296655361,4
evolved_rank_35,12,1.2947239580986079,0.7914930296655361,4
evolved_rank_35,13,1.2947239580986079,0.7914930296655361,4
evolved_rank_35,14,1.2947239580986079,0.7914930296655361,4
evolved_rank_36,1,87.89345064218713,0.0,166
evolved_rank_36,2,14.9964698329287,0.005377048351965223,63
evolved_rank_36,3,3.5063256424083833,0.34822285204258274,22
evolved_rank_36,4,1.4365232392512821,0.7272765830080574,8
evolved_rank_36,5,1.3189804986272393,0.8007320038311188,4
evolved_rank_36,6,1.3044573374018604,0.808700347842853,4
evolved_rank_36,7,1.304455496636705,0.8087020437462434,4
evolved_rank_36,8,1.2989657109528854,0.8141918294300631,4
evolved_rank_36,9,1.2989654931934982,0.8141920471894503,4
evolved_rank_36,10,1.2989654931934982,0.8141920471894503,4
evolved_rank_36,11,1.2989654931934982,0.8141920471894503,4
evolved_rank_36,12,1.2989654931934982,0.8141920471894503,4
evolved_rank_36,13,1.2989654931934982,0.8141920471894503,4
evolved_rank_36,14,1.2989654931934982,0.8141920471894503,4
evolved_rank_37,1,88.75165515633762,0.0,121
evolved_rank_37,2,15.276649142896776,2.095051989176448e-07,33
evolved_rank_37,3,3.0684911223334774,0.31694760999020594,17
evolved_rank_37,4,1.3916549354202377,0.729271634131537,6
evolved_rank_37,5,1.276816718838458,0.7997066313016286,5
evolved_rank_37,6,1.2721240224149089,0.804397697708169,3
evolved_rank_37,7,1.2721222810805068,0.804399294180806,3
evolved_rank_37,8,1.2666326061408026,0.8098889691205103,3
evolved_rank_37,9,1.2666323883814155,0.8098891868798975,3
evolved_rank_37,10,1.2666323883814155,0.8098891868798975,3
evolved_rank_37,11,1.2666323883814155,0.8098891868798975,3
evolved_rank_37,12,1.2666323883814155,0.8098891868798975,3
evolved_rank_37,13,1.2666323883814155,0.8098891868798975,3
evolved_rank_37,14,1.2666323883814155,0.8098891868798975,3
evolved_rank_38,1,88.60015194660221,0.0,140
evolved_rank_38,2,18.558181380263864,0.008444379461027995,49
evolved_rank_38,3,3.2452179468505293,0.3393688727446976,16
evolved_rank_38,4,1.413411772612703,0.7091255218094695,6
evolved_rank_38,5,1.3044854040010296,0.7640439714725376,4
evolved_rank_38,6,1.295224075251243,0.773304332285577,4
evolved_rank_38,7,1.29522213994088,0.7733059761830154,4
evolved_rank_38,8,1.2897324650011757,0.7787956511227198,4
evolved_rank_38,9,1.2897322472417885,0.778795868882107,4
evolved_rank_38,10,1.2897322472417885,0.778795868882107,4
evolved_rank_38,11,1.2897322472417885,0.778795868882107,4
evolved_rank_38,12,1.2897322472417885,0.778795868882107,4
evolved_rank_38,13,1.2897322472417885,0.778795868882107,4
evolved_rank_38,14,1.2897322472417885,0.778795868882107,4
evolved_rank_39,1,96.04551903940836,0.0,149
evolved_rank_39,2,14.001125864440754,0.00537694786597445,46
evolved_rank_39,3,2.846954413056104,0.3845827277977683,18
evolved_rank_39,4,1.4016720006268977,0.7285435065240485,6
evolved_rank_39,5,1.3178342860599934,0.7749217012093245,4
evolved_rank_39,6,1.3131422119677414,0.7796128691418732,3
evolved_rank_39,7,1.3131402740040654,0.7796145150838341,3
evolved_rank_39,8,1.307650599064361,0.7851041900235384,3
evolved_rank_39,9,1.3076503813049738,0.7851044077829255,3
evolved_rank_39,10,1.3076503813049738,0.7851044077829255,3
evolved_rank_39,11,1.3076503813049738,0.7851044077829255,3
evolved_rank_39,12,1.3076503813049738,0.7851044077829255,3
evolved_rank_39,13,1.3076503813049738,0.7851044077829255,3
evolved_rank_39,14,1.3076503813049738,0.7851044077829255,3
evolved_rank_40,1,92.052111559745,0.0,138
evolved_rank_40,2,14.370596065751739,0.06911433495164093,46
evolved_rank_40,3,3.273766459359153,0.3111328082161591,20
evolved_rank_40,4,1.4737659863723507,0.6147205625972787,7
evolved_rank_40,5,1.3256879176551797,0.7041798220150589,5
evolved_rank_40,6,1.3209959032396434,0.7088708277809648,5
evolved_rank_40,7,1.3209941619052414,0.7088724242536018,5
evolved_rank_40,8,1.3155042943441357,0.7143621472827041,5
evolved_rank_40,9,1.3155040765847485,0.7143623650420913,5
evolved_rank_40,10,1.3155040765847485,0.7143623650420913,5
evolved_rank_40,11,1.3155040765847485,0.7143623650420913,5
evolved_rank_40,12,1.3155040765847485,0.7143623650420913,5
evolved_rank_40,13,1.3155040765847485,0.7143623650420913,5
evolved_rank_40,14,1.3155040765847485,0.7143623650420913,5
evolved_rank_41,1,86.90471065587167,0.0,134
evolved_rank_41,2,16.629286596969404,0.008385947204911565,46
evolved_rank_41,3,3.6459389308928514,0.32741367208153377,16
evolved_rank_41,4,1.518335482708256,0.5902394097063394,6
evolved_rank_41,5,1.396178569752503,0.6574181284385852,4
evolved_rank_41,6,1.386917260499241,0.6666787206225588,4
evolved_rank_41,7,1.386915519164839,0.6666803170951958,4
evolved_rank_41,8,1.3814258442251348,0.6721699920349001,4
evolved_rank_41,9,1.3814256264657476,0.6721702097942873,4
evolved_rank_41,10,1.3814256264657476,0.6721702097942873,4
evolved_rank_41,11,1.3814256264657476,0.6721702097942873,4
evolved_rank_41,12,1.3814256264657476,0.6721702097942873,4
evolved_rank_41,13,1.3814256264657476,0.6721702097942873,4
evolved_rank_41,14,1.3814256264657476,0.6721702097942873,4
evolved_rank_42,1,92.36232188985963,0.0,167
evolved_rank_42,2,16.432128219245417,6.661033538911761e-07,45
evolved_rank_42,3,3.7014049181926345,0.3638739986546053,18
evolved_rank_42,4,1.4284332094747196,0.7054402461010224,6
evolved_rank_42,5,1.2848956886470475,0.7804874379104768,4
evolved_rank_42,6,1.2802038308480115,0.785178725627684,4
evolved_rank_42,7,1.2802018955376486,0.7851803695251224,4
evolved_rank_42,8,1.2747122205979442,0.7906700444648267,4
evolved_rank_42,9,1.274712002838557,0.7906702622242139,4
evolved_rank_42,10,1.274712002838557,0.7906702622242139,4
evolved_rank_42,11,1.274712002838557,0.7906702622242139,4
evolved_rank_42,12,1.274712002838557,0.7906702622242139,4
evolved_rank_42,13,1.274712002838557,0.7906702622242139,4
evolved_rank_42,14,1.274712002838557,0.7906702622242139,4
evolved_rank_43,1,91.4465656637696,0.0,149
evolved_rank_43,2,16.948790142097927,0.006076689822267993,46
evolved_rank_43,3,2.9208370165118818,0.3642725680194024,17
evolved_rank_43,4,1.4155685125087196,0.6755883770837589,7
evolved_rank_43,5,1.320268340534189,0.7283858417469266,4
evolved_rank_43,6,1.3155762538957738,0.7330768068405354,4
evolved_rank_43,7,1.3155745125613718,0.7330784033131724,4
evolved_rank_43,8,1.3100848376216674,0.7385680782528767,4
evolved_rank_43,9,1.3100846198622802,0.7385682960122638,4
evolved_rank_43,10,1.3100846198622802,0.7385682960122638,4
evolved_rank_43,11,1.3100846198622802,0.7385682960122638,4
evolved_rank_43,12,1.3100846198622802,0.7385682960122638,4
evolved_rank_43,13,1.3100846198622802,0.7385682960122638,4
evolved_rank_43,14,1.3100846198622802,0.7385682960122638,4
evolved_rank_44,1,83.09051493089596,0.0,165
evolved_rank_44,2,18.387008121046186,0.006047305698395245,77
evolved_rank_44,3,3.730407937949093,0.2892211394776694,20
evolved_rank_44,4,1.5360514049570413,0.6585303183528411,8
evolved_rank_44,5,1.39485083513044,0.7081005555362104,5
evolved_rank_44,6,1.3849615273720899,0.7179879447969695,5
evolved_rank_44,7,1.3849594906676235,0.7179896902305627,5
evolved_rank_44,8,1.3794697168856633,0.7234794640125227,5
evolved_rank_44,9,1.3794694991262761,0.7234796817719099,5
evolved_rank_44,10,1.3794694991262761,0.7234796817719099,5
evolved_rank_44,11,1.3794694991262761,0.7234796817719099,5
evolved_rank_44,12,1.3794694991262761,0.7234796817719099,5
evolved_rank_44,13,1.3794694991262761,0.7234796817719099,5
evolved_rank_44,14,1.3794694991262761,0.7234796817719099,5
evolved_rank_45,1,88.90832618596208,0.0,174
evolved_rank_45,2,16.19655488904928,0.006047403536146144,56
evolved_rank_45,3,3.819541632071268,0.33183728148057373,17
evolved_rank_45,4,1.4940944543512247,0.7250862213832894,6
evolved_rank_45,5,1.3612398100522418,0.7805946981191405,4
evolved_rank_45,6,1.3565477193958075,0.7852859245514096,4
evolved_rank_45,7,1.3565457831976246,0.7852877158878273,4
evolved_rank_45,8,1.3510561082579204,0.7907773908275316,4
evolved_rank_45,9,1.3510558904985333,0.7907776085869188,4
evolved_rank_45,10,1.3510558904985333,0.7907776085869188,4
evolved_rank_45,11,1.3510558904985333,0.7907776085869188,4
evolved_rank_45,12,1.3510558904985333,0.7907776085869188,4
evolved_rank_45,13,1.3510558904985333,0.7907776085869188,4
evolved_rank_45,14,1.3510558904985333,0.7907776085869188,4
evolved_rank_46,1,96.37096722671659,0.0,134
evolved_rank_46,2,14.663236906783245,0.003067326563424981,39
evolved_rank_46,3,2.890391534035376,0.33763956162565456,17
evolved_rank_46,4,1.4148677530347435,0.6925875486244332,6
evolved_rank_46,5,1.2973062025665936,0.7656679250012153,4
evolved_rank_46,6,1.2926140951988525,0.7703590090373219,3
evolved_rank_46,7,1.2926121572351763,0.7703606549792826,3
evolved_rank_46,8,1.287122482295472,0.775850329918987,3
evolved_rank_46,9,1.287122264536085,0.7758505476783741,3
evolved_rank_46,10,1.287122264536085,0.7758505476783741,3
evolved_rank_46,11,1.287122264536085,0.7758505476783741,3
evolved_rank_46,12,1.287122264536085,0.7758505476783741,3
evolved_rank_46,13,1.287122264536085,0.7758505476783741,3
evolved_rank_46,14,1.287122264536085,0.7758505476783741,3
evolved_rank_47,1,85.71502241740632,0.0,195
evolved_rank_47,2,15.321902615932903,0.006047318645345739,62
evolved_rank_47,3,3.4446806427513534,0.2723666270812646,21
evolved_rank_47,4,1.7234604403712417,0.5759860216278935,7
evolved_rank_47,5,1.5379911113626288,0.6571783541572302,5
evolved_rank_47,6,1.5332982875597563,0.6618700225766757,5
evolved_rank_47,7,1.5332965462253543,0.6618716190493127,5
evolved_rank_47,8,1.52780687128565,0.667361293989017,5
evolved_rank_47,9,1.5278066535262629,0.6673615117484042,5
evolved_rank_47,10,1.5278066535262629,0.6673615117484042,5
evolved_rank_47,11,1.5278066535262629,0.6673615117484042,5
evolved_rank_47,12,1.5278066535262629,0.6673615117484042,5
evolved_rank_47,13,1.5278066535262629,0.6673615117484042,5
evolved_rank_47,14,1.5278066535262629,0.6673615117484042,5
evolved_rank_48,1,96.48557003805475,0.0,137
evolved_rank_48,2,18.4643475817592,0.020063276231117085,57
evolved_rank_48,3,3.052143053115829,0.3957415034877898,24
evolved_rank_48,4,1.3603609192039663,0.7384375173585576,8
evolved_rank_48,5,1.2363653316752083,0.7849015705425418,4
evolved_rank_48,6,1.2316727394664935,0.7895927840938127,3
evolved_rank_48,7,1.2316709033585873,0.7895944753399537,3
evolved_rank_48,8,1.2261813392796834,0.7950840394188577,3
evolved_rank_48,9,1.226181010659496,0.7950843680390453,3
evolved_rank_48,10,1.226181010659496,0.7950843680390453,3
evolved_rank_48,11,1.226181010659496,0.7950843680390453,3
evolved_rank_48,12,1.226181010659496,0.7950843680390453,3
evolved_rank_48,13,1.226181010659496,0.7950843680390453,3
evolved_rank_48,14,1.226181010659496,0.7950843680390453,3
evolved_rank_49,1,93.22485277352631,0.0,150
evolved_rank_49,2,18.65084674994956,0.022372669450202467,46
evolved_rank_49,3,3.3513612123035608,0.37623435009641826,16
evolved_rank_49,4,1.4389246085604555,0.7112549194963145,6
evolved_rank_49,5,1.2872669028647832,0.7830791987980102,4
evolved_rank_49,6,1.2825751380636115,0.7877702460174947,3
evolved_rank_49,7,1.282573283666616,0.7877719555527253,3
evolved_rank_49,8,1.2770836087269115,0.7932616304924296,3
evolved_rank_49,9,1.2770833909675243,0.7932618482518168,3
evolved_rank_49,10,1.2770833909675243,0.7932618482518168,3
evolved_rank_49,11,1.2770833909675243,0.7932618482518168,3
evolved_rank_49,12,1.2770833909675243,0.7932618482518168,3
evolved_rank_49,13,1.2770833909675243,0.7932618482518168,3
evolved_rank_49,14,1.2770833909675243,0.7932618482518168,3
evolved_rank_50,1,92.51579800281878,0.0,175
evolved_rank_50,2,16.136766795782815,0.016996048646925707,71
evolved_rank_50,3,3.318763046182218,0.24323072415748695,25
evolved_rank_50,4,1.5936751308183026,0.5797057587499157,11
evolved_rank_50,5,1.4419835905707703,0.633904513790539,5
evolved_rank_50,6,1.4307364733984225,0.6418727424820807,5
evolved_rank_50,7,1.4307337325005927,0.6418746077104789,5
evolved_rank_50,8,1.4252440575608882,0.6473642826501832,5
evolved_rank_50,9,1.425243839801501,0.6473645004095703,5
evolved_rank_50,10,1.425243839801501,0.6473645004095703,5
evolved_rank_50,11,1.425243839801501,0.6473645004095703,5
evolved_rank_50,12,1.425243839801501,0.6473645004095703,5
evolved_rank_50,13,1.425243839801501,0.6473645004095703,5
evolved_rank_50,14,1.425243839801501,0.6473645004095703,5
evolved_rank_51,1,91.65416883542844,0.0,146
evolved_rank_51,2,14.435714583590284,4.50007994827415e-07,45
evolved_rank_51,3,3.2197319760584233,0.3156009867008498,20
evolved_rank_51,4,1.4804628651823692,0.6749484961901658,6
evolved_rank_51,5,1.3033989960970922,0.7691474792164408,5
evolved_rank_51,6,1.298707316841171,0.7738384281009953,5
evolved_rank_51,7,1.2987054760760153,0.7738401240043857,5
evolved_rank_51,8,1.2932156903921956,0.7793299096882054,5
evolved_rank_51,9,1.2932154726328084,0.7793301274475926,5
evolved_rank_51,10,1.2932154726328084,0.7793301274475926,5
evolved_rank_51,11,1.2932154726328084,0.7793301274475926,5
evolved_rank_51,12,1.2932154726328084,0.7793301274475926,5
evolved_rank_51,13,1.2932154726328084,0.7793301274475926,5
evolved_rank_51,14,1.2932154726328084,0.7793301274475926,5
evolved_rank_52,1,102.12434147820744,0.0,177
evolved_rank_52,2,13.849245286322029,0.006047471076409443,62
evolved_rank_52,3,3.257794013370248,0.44029014007450823,22
evolved_rank_52,4,1.2920899163822388,0.8042387491485723,7
evolved_rank_52,5,1.1601243647581738,0.8697590294037284,4
evolved_rank_52,6,1.1554315325336957,0.8744504969983168,4
evolved_rank_52,7,1.1554294981375608,0.8744522393727363,4
evolved_rank_52,8,1.149939822913754,0.879941914596543,4
evolved_rank_52,9,1.1499395082500954,0.8799422292602019,4
evolved_rank_52,10,1.1499395082500954,0.8799422292602019,4
evolved_rank_52,11,1.1499395082500954,0.8799422292602019,4
evolved_rank_52,12,1.1499395082500954,0.8799422292602019,4
evolved_rank_52,13,1.1499395082500954,0.8799422292602019,4
evolved_rank_52,14,1.1499395082500954,0.8799422292602019,4
evolved_rank_53,1,91.99028407438837,0.0,164
evolved_rank_53,2,17.731888059106886,0.016996051406777225,48
evolved_rank_53,3,4.176687598635841,0.41210010551640514,19
evolved_rank_53,4,1.517485281165868,0.6870447470047092,6
evolved_rank_53,5,1.3827574752603597,0.7595935879625113,4
evolved_rank_53,6,1.3728692657047632,0.7694806746491816,3
evolved_rank_53,7,1.3728670373377405,0.7694826116438656,3
evolved_rank_53,8,1.3673773623980363,0.7749722865835699,3
evolved_rank_53,9,1.3673771446386491,0.7749725043429571,3
evolved_rank_53,10,1.3673771446386491,0.7749725043429571,3
evolved_rank_53,11,1.3673771446386491,0.7749725043429571,3
evolved_rank_53,12,1.3673771446386491,0.7749725043429571,3
evolved_rank_53,13,1.3673771446386491,0.7749725043429571,3
evolved_rank_53,14,1.3673771446386491,0.7749725043429571,3
evolved_rank_54,1,90.44853904710605,0.0,160
evolved_rank_54,2,19.35633433631126,0.028419917638162442,53
evolved_rank_54,3,3.6729643746113823,0.3255022688816504,19
evolved_rank_54,4,1.5093487677073978,0.744138060437675,9
evolved_rank_54,5,1.377600016143086,0.8279533350932747,6
evolved_rank_54,6,1.3729066947197066,0.8326447836885176,6
evolved_rank_54,7,1.3729046605163555,0.8326465271638338,6
evolved_rank_54,8,1.3674148666798127,0.8381363210003766,6
evolved_rank_54,9,1.3674146489204255,0.8381365387597638,6
evolved_rank_54,10,1.3674146489204255,0.8381365387597638,6
evolved_rank_54,11,1.3674146489204255,0.8381365387597638,6
evolved_rank_54,12,1.3674146489204255,0.8381365387597638,6
evolved_rank_54,13,1.3674146489204255,0.8381365387597638,6
evolved_rank_54,14,1.3674146489204255,0.8381365387597638,6
evolved_rank_55,1,93.79637355333924,0.0,150
evolved_rank_55,2,20.00806854923835,0.008444274333007559,44
evolved_rank_55,3,3.3239613374244317,0.4002175162422359,16
evolved_rank_55,4,1.3764156192646206,0.6978711838711973,6
evolved_rank_55,5,1.2761409396277885,0.7502029120595016,4
evolved_rank_55,6,1.2714487256760023,0.7548942437161831,3
evolved_rank_55,7,1.2714467877123263,0.7548958896581438,3
evolved_rank_55,8,1.2659568696418793,0.7603856360901782,3
evolved_rank_55,9,1.265956651882492,0.7603858538495654,3
evolved_rank_55,10,1.265956651882492,0.7603858538495654,3
evolved_rank_55,11,1.265956651882492,0.7603858538495654,3
evolved_rank_55,12,1.265956651882492,0.7603858538495654,3
evolved_rank_55,13,1.265956651882492,0.7603858538495654,3
evolved_rank_55,14,1.265956651882492,0.7603858538495654,3
evolved_rank_56,1,83.60747714005223,0.0,135
evolved_rank_56,2,20.391787909089377,0.022372930459101003,62
evolved_rank_56,3,5.191613354621651,0.26272876115050986,26
evolved_rank_56,4,1.6978748834318618,0.588652377811153,8
evolved_rank_56,5,1.5532777109685953,0.6566799950452307,6
evolved_rank_56,6,1.5352484435444655,0.6692178650626949,3
evolved_rank_56,7,1.5352467914131318,0.6692195171940285,3
evolved_rank_56,8,1.5297568242792217,0.6747093394661737,3
evolved_rank_56,9,1.5297565073934762,0.6747096563519189,3
evolved_rank_56,10,1.5297565073934762,0.6747096563519189,3
evolved_rank_56,11,1.5297565073934762,0.6747096563519189,3
evolved_rank_56,12,1.5297565073934762,0.6747096563519189,3
evolved_rank_56,13,1.5297565073934762,0.6747096563519189,3
evolved_rank_56,14,1.5297565073934762,0.6747096563519189,3
evolved_rank_57,1,100.13306843390357,0.0,140
evolved_rank_57,2,17.327313366221805,0.022372701685674037,79
evolved_rank_57,3,3.1523728516312985,0.4075125938221538,20
evolved_rank_57,4,1.4521381282226924,0.795214824677944,7
evolved_rank_57,5,1.359857382564863,0.8388748904908567,5
evolved_rank_57,6,1.3551652926186846,0.8435659474814332,5
evolved_rank_57,7,1.3551630635718457,0.8435676406097523,5
evolved_rank_57,8,1.3496733886321415,0.8490573155494566,5
evolved_rank_57,9,1.3496731708727543,0.8490575333088438,5
evolved_rank_57,10,1.3496731708727543,0.8490575333088438,5
evolved_rank_57,11,1.3496731708727543,0.8490575333088438,5
evolved_rank_57,12,1.3496731708727543,0.8490575333088438,5
evolved_rank_57,13,1.3496731708727543,0.8490575333088438,5
evolved_rank_57,14,1.3496731708727543,0.8490575333088438,5
evolved_rank_58,1,87.62416645102941,0.0,159
evolved_rank_58,2,19.76392372517828,0.03144673885524306,64
evolved_rank_58,3,3.6002397822199868,0.21544489020275667,24
evolved_rank_58,4,1.598292783545998,0.5832903379223734,8
evolved_rank_58,5,1.4498062585800757,0.6535785619374469,4
evolved_rank_58,6,1.4451126800795717,0.6582701445529058,4
evolved_rank_58,7,1.4451105294500581,0.6582720044543846,4
evolved_rank_58,8,1.4396208545103537,0.6637616793940889,4
evolved_rank_58,9,1.4396206367509665,0.6637618971534761,4
evolved_rank_58,10,1.4396206367509665,0.6637618971534761,4
evolved_rank_58,11,1.4396206367509665,0.6637618971534761,4
evolved_rank_58,12,1.4396206367509665,0.6637618971534761,4
evolved_rank_58,13,1.4396206367509665,0.6637618971534761,4
evolved_rank_58,14,1.4396206367509665,0.6637618971534761,4
evolved_rank_59,1,91.48081989248594,0.0,183
evolved_rank_59,2,16.078952135322115,0.014491184794284755,40
evolved_rank_59,3,3.3775458015996094,0.25691502736290095,17
evolved_rank_59,4,1.4984904405638568,0.6611129554401447,8
evolved_rank_59,5,1.3482082258898578,0.7506145509548163,5
evolved_rank_59,6,1.343516239854118,0.7553061114407306,5
evolved_rank_59,7,1.343514401448027,0.7553076584338972,5
evolved_rank_59,8,1.3380247265083227,0.7607973333736016,5
evolved_rank_59,9,1.3380245087489355,0.7607975511329887,5
evolved_rank_59,10,1.3380245087489355,0.7607975511329887,5
evolved_rank_59,11,1.3380245087489355,0.7607975511329887,5
evolved_rank_59,12,1.3380245087489355,0.7607975511329887,5
evolved_rank_59,13,1.3380245087489355,0.7607975511329887,5
evolved_rank_59,14,1.3380245087489355,0.7607975511329887,5
evolved_rank_60,1,94.1194970427479,0.0,136
evolved_rank_60,2,14.715255013831348,4.365232791473709e-07,47
evolved_rank_60,3,3.6580713090414148,0.2449180640533166,16
evolved_rank_60,4,1.4762831967149979,0.6194497090900577,6
evolved_rank_60,5,1.362137560919131,0.7057397304345259,6
evolved_rank_60,6,1.349232180535485,0.71043135010505,3
evolved_rank_60,7,1.349230436811579,0.7104330938289558,3
evolved_rank_60,8,1.3437405680024523,0.7159228177763176,3
evolved_rank_60,9,1.3437403502430652,0.7159230355357048,3
evolved_rank_60,10,1.3437403502430652,0.7159230355357048,3
evolved_rank_60,11,1.3437403502430652,0.7159230355357048,3
evolved_rank_60,12,1.3437403502430652,0.7159230355357048,3
evolved_rank_60,13,1.3437403502430652,0.7159230355357048,3
evolved_rank_60,14,1.3437403502430652,0.7159230355357048,3
evolved_rank_61,1,85.14960828297592,0.0,156
evolved_rank_61,2,19.632396475654055,3.407046843208125e-07,74
evolved_rank_61,3,4.305808747384789,0.29412297461823583,24
evolved_rank_61,4,1.6893388212012146,0.5592499781306385,8
evolved_rank_61,5,1.507372768188989,0.6461894487789795,5
evolved_rank_61,6,1.5026773073936524,0.6508816087614635,4
evolved_rank_61,7,1.502675159346426,0.6508836119469247,4
evolved_rank_61,8,1.4971854841226193,0.6563732871707313,4
evolved_rank_61,9,1.4971851694589604,0.6563736018343902,4
evolved_rank_61,10,1.4971851694589604,0.6563736018343902,4
evolved_rank_61,11,1.4971851694589604,0.6563736018343902,4
evolved_rank_61,12,1.4971851694589604,0.6563736018343902,4
evolved_rank_61,13,1.4971851694589604,0.6563736018343902,4
evolved_rank_61,14,1.4971851694589604,0.6563736018343902,4
evolved_rank_62,1,100.49403109325397,0.0,154
evolved_rank_62,2,14.444278658471092,0.0060474332958685584,34
evolved_rank_62,3,2.990293382652211,0.23207530101231452,16
evolved_rank_62,4,1.498510024241919,0.6042771138617474,6
evolved_rank_62,5,1.4167392123658684,0.650599080473716,4
evolved_rank_62,6,1.412045972398695,0.655290532990586,3
evolved_rank_62,7,1.4120442310642929,0.655292129463223,3
evolved_rank_62,8,1.4065545561245887,0.6607818044029273,3
evolved_rank_62,9,1.4065543383652015,0.6607820221623145,3
evolved_rank_62,10,1.4065543383652015,0.6607820221623145,3
evolved_rank_62,11,1.4065543383652015,0.6607820221623145,3
evolved_rank_62,12,1.4065543383652015,0.6607820221623145,3
evolved_rank_62,13,1.4065543383652015,0.6607820221623145,3
evolved_rank_62,14,1.4065543383652015,0.6607820221623145,3
evolved_rank_63,1,87.61459205418525,0.0,152
evolved_rank_63,2,18.278520241098285,0.008385976751557207,45
evolved_rank_63,3,3.8026629515029384,0.14912624662014132,27
evolved_rank_63,4,1.690740134164808,0.5255227185067557,7
evolved_rank_63,5,1.5565133025183215,0.5866258544875391,4
evolved_rank_63,6,1.5455965393289415,0.5975411329224628,4
evolved_rank_63,7,1.5455945663141366,0.5975429610755026,4
evolved_rank_63,8,1.5401048913744322,0.603032636015207,4
evolved_rank_63,9,1.540104673615045,0.6030328537745941,4
evolved_rank_63,10,1.540104673615045,0.6030328537745941,4
evolved_rank_63,11,1.540104673615045,0.6030328537745941,4
evolved_rank_63,12,1.540104673615045,0.6030328537745941,4
evolved_rank_63,13,1.540104673615045,0.6030328537745941,4
evolved_rank_63,14,1.540104673615045,0.6030328537745941,4
evolved_rank_64,1,95.21724768860852,0.0,159
evolved_rank_64,2,16.391104967003713,0.005376961274591283,49
evolved_rank_64,3,3.4188345334050547,0.22851609790341298,21
evolved_rank_64,4,1.42376576173033,0.6546550259035879,6
evolved_rank_64,5,1.2824497700988027,0.7390209812507724,5
evolved_rank_64,6,1.2777581908824256,0.7437118174126416,5
evolved_rank_64,7,1.27775621482874,0.7437136486045621,5
evolved_rank_64,8,1.2722665398890356,0.7492033235442663,5
evolved_rank_64,9,1.2722663221296484,0.7492035413036535,5
evolved_rank_64,10,1.2722663221296484,0.7492035413036535,5
evolved_rank_64,11,1.2722663221296484,0.7492035413036535,5
evolved_rank_64,12,1.2722663221296484,0.7492035413036535,5
evolved_rank_64,13,1.2722663221296484,0.7492035413036535,5
evolved_rank_64,14,1.2722663221296484,0.7492035413036535,5
evolved_rank_65,1,92.98254694397909,0.0,153
evolved_rank_65,2,17.940862183744272,0.006047125886966408,58
evolved_rank_65,3,4.626122609878878,0.3713451871692162,21
evolved_rank_65,4,1.7255453301457622,0.5807798620943115,10
evolved_rank_65,5,1.568535323270663,0.6422571236988228,5
evolved_rank_65,6,1.5606100805906054,0.6501807599474411,3
evolved_rank_65,7,1.5606083392562033,0.650182356420078,3
evolved_rank_65,8,1.5551186643164991,0.6556720313597824,3
evolved_rank_65,9,1.555118446557112,0.6556722491191695,3
evolved_rank_65,10,1.555118446557112,0.6556722491191695,3
evolved_rank_65,11,1.555118446557112,0.6556722491191695,3
evolved_rank_65,12,1.555118446557112,0.6556722491191695,3
evolved_rank_65,13,1.555118446557112,0.6556722491191695,3
evolved_rank_65,14,1.555118446557112,0.6556722491191695,3
evolved_rank_66,1,88.13086239238027,0.0,169
evolved_rank_66,2,18.50675685498237,0.0030094200590223778,54
evolved_rank_66,3,3.711985695774904,0.16384120076892705,28
evolved_rank_66,4,1.845446395943195,0.4625912559249084,8
evolved_rank_66,5,1.6910682453879244,0.5409650526476644,4
evolved_rank_66,6,1.6863751828984819,0.5456563529110348,4
evolved_rank_66,7,1.6863731997473106,0.5456580216978694,4
evolved_rank_66,8,1.6808835245235039,0.5511476969216761,4
evolved_rank_66,9,1.680883209859845,0.551148011585335,4
evolved_rank_66,10,1.680883209859845,0.551148011585335,4
evolved_rank_66,11,1.680883209859845,0.551148011585335,4
evolved_rank_66,12,1.680883209859845,0.551148011585335,4
evolved_rank_66,13,1.680883209859845,0.551148011585335,4
evolved_rank_66,14,1.680883209859845,0.551148011585335,4
evolved_rank_67,1,93.54636674729554,0.0,146
evolved_rank_67,2,15.187456723898126,0.008444228247545843,48
evolved_rank_67,3,3.503100058420163,0.21057019616747583,23
evolved_rank_67,4,1.6312999717566785,0.5787034424461451,6
evolved_rank_67,5,1.5289240811719569,0.6348110737737062,4
evolved_rank_67,6,1.5176789145348148,0.6427787707169449,4
evolved_rank_67,7,1.5176767535660045,0.6427806437581579,4
evolved_rank_67,8,1.5121870786263,0.6482703186978622,4
evolved_rank_67,9,1.512186860866913,0.6482705364572494,4
evolved_rank_67,10,1.512186860866913,0.6482705364572494,4
evolved_rank_67,11,1.512186860866913,0.6482705364572494,4
evolved_rank_67,12,1.512186860866913,0.6482705364572494,4
evolved_rank_67,13,1.512186860866913,0.6482705364572494,4
evolved_rank_67,14,1.512186860866913,0.6482705364572494,4
evolved_rank_68,1,104.12444874263198,0.0,172
evolved_rank_68,2,14.746639548307023,0.005376851920548212,41
evolved_rank_68,3,3.469135179355242,0.46347330672707115,17
evolved_rank_68,4,1.3755144725120525,0.7726246402497611,6
evolved_rank_68,5,1.2688924202305494,0.8349836345378886,4
evolved_rank_68,6,1.2642003005043554,0.8396750356525242,4
evolved_rank_68,7,1.2641985591699534,0.8396766321251612,4
evolved_rank_68,8,1.258708884230249,0.8451663070648655,4
evolved_rank_68,9,1.2587086664708618,0.8451665248242527,4
evolved_rank_68,10,1.2587086664708618,0.8451665248242527,4
evolved_rank_68,11,1.2587086664708618,0.8451665248242527,4
evolved_rank_68,12,1.2587086664708618,0.8451665248242527,4
evolved_rank_68,13,1.2587086664708618,0.8451665248242527,4
evolved_rank_68,14,1.2587086664708618,0.8451665248242527,4
evolved_rank_69,1,94.82172392572672,0.0,142
evolved_rank_69,2,16.128528988772608,0.022372818588722726,46
evolved_rank_69,3,3.2887180315033713,0.16648968821780147,21
evolved_rank_69,4,1.5432917670652129,0.5657348621578151,6
evolved_rank_69,5,1.438035089442819,0.6262762155536492,5
evolved_rank_69,6,1.4333417471480627,0.6309679368262805,3
evolved_rank_69,7,1.4333398850853767,0.6309696540272016,3
evolved_rank_69,8,1.427850310291755,0.6364592288208233,3
evolved_rank_69,9,1.4278499923862853,0.636459546726293,3
evolved_rank_69,10,1.4278499923862853,0.636459546726293,3
evolved_rank_69,11,1.4278499923862853,0.636459546726293,3
evolved_rank_69,12,1.4278499923862853,0.636459546726293,3
evolved_rank_69,13,1.4278499923862853,0.636459546726293,3
evolved_rank_69,14,1.4278499923862853,0.636459546726293,3
evolved_rank_70,1,102.56774375399753,0.0,201
evolved_rank_70,2,16.112951939552058,0.00537709421927691,55
evolved_rank_70,3,3.133634048100976,0.4410077020774997,20
evolved_rank_70,4,1.4241891157336646,0.7724757934772624,7
evolved_rank_70,5,1.3427873770759622,0.8256735118618859,5
evolved_rank_70,6,1.338094566316432,0.8303654343145023,5
evolved_rank_70,7,1.33809282498203,0.8303670307871391,5
evolved_rank_70,8,1.3326031420062876,0.8358567137628817,5
evolved_rank_70,9,1.3326028133861,0.8358570423830691,5
evolved_rank_70,10,1.3326028133861,0.8358570423830691,5
evolved_rank_70,11,1.3326028133861,0.8358570423830691,5
evolved_rank_70,12,1.3326028133861,0.8358570423830691,5
evolved_rank_70,13,1.3326028133861,0.8358570423830691,5
evolved_rank_70,14,1.3326028133861,0.8358570423830691,5
evolved_rank_71,1,96.72070520804495,0.0,191
evolved_rank_71,2,21.48942370895462,0.0053772414603992505,80
evolved_rank_71,3,4.060428080520881,0.40094162224381297,24
evolved_rank_71,4,1.4829179600593414,0.731849175234188,7
evolved_rank_71,5,1.310254665835556,0.7902214829112229,5
evolved_rank_71,6,1.3055604942510786,0.7949130873264648,5
evolved_rank_71,7,1.3055584361323964,0.7949148534234316,5
evolved_rank_71,8,1.300068761192692,0.8004045283631359,5
evolved_rank_71,9,1.3000685434333048,0.8004047461225231,5
evolved_rank_71,10,1.3000685434333048,0.8004047461225231,5
evolved_rank_71,11,1.3000685434333048,0.8004047461225231,5
evolved_rank_71,12,1.3000685434333048,0.8004047461225231,5
evolved_rank_71,13,1.3000685434333048,0.8004047461225231,5
evolved_rank_71,14,1.3000685434333048,0.8004047461225231,5
evolved_rank_72,1,92.71050941696966,0.002580356790427846,168
evolved_rank_72,2,19.435514172396363,0.028690699957271235,48
evolved_rank_72,3,4.5553372100787275,0.31814332439572834,17
evolved_rank_72,4,1.5022084588260032,0.7104062388451883,7
evolved_rank_72,5,1.385444683608643,0.7683190471951015,5
evolved_rank_72,6,1.3676126901831778,0.782178028226503,5
evolved_rank_72,7,1.3676108520814818,0.7821797214664337,5
evolved_rank_72,8,1.3621211771417776,0.787669396406138,5
evolved_rank_72,9,1.3621209593823904,0.7876696141655252,5
evolved_rank_72,10,1.3621209593823904,0.7876696141655252,5
evolved_rank_72,11,1.3621209593823904,0.7876696141655252,5
evolved_rank_72,12,1.3621209593823904,0.7876696141655252,5
evolved_rank_72,13,1.3621209593823904,0.7876696141655252,5
evolved_rank_72,14,1.3621209593823904,0.7876696141655252,5
evolved_rank_73,1,92.3909297189437,0.0,140
evolved_rank_73,2,17.638091251800205,0.026110354343227376,44
evolved_rank_73,3,4.853207758625003,0.28850106863267183,18
evolved_rank_73,4,1.5152413364100494,0.6522917193098229,6
evolved_rank_73,5,1.3737169783227503,0.7225712226557717,6
evolved_rank_73,6,1.3583383144484251,0.7324589057747648,3
evolved_rank_73,7,1.3583362804733705,0.732460793239246,3
evolved_rank_73,8,1.3528464116642438,0.7379505171866078,3
evolved_rank_73,9,1.3528461939048566,0.737950734945995,3
evolved_rank_73,10,1.3528461939048566,0.737950734945995,3
evolved_rank_73,11,1.3528461939048566,0.737950734945995,3
evolved_rank_73,12,1.3528461939048566,0.737950734945995,3
evolved_rank_73,13,1.3528461939048566,0.737950734945995,3
evolved_rank_73,14,1.3528461939048566,0.737950734945995,3
evolved_rank_74,1,96.58185516223006,0.0,145
evolved_rank_74,2,15.212587894038926,0.006047425822961788,56
evolved_rank_74,3,3.6392373572913015,0.2780901121363659,18
evolved_rank_74,4,1.6050910170049812,0.6138688962941378,7
evolved_rank_74,5,1.4719753582116613,0.6922279585755094,5
evolved_rank_74,6,1.4568915072720938,0.702115006416255,5
evolved_rank_74,7,1.456889668003549,0.7021167008230347,5
evolved_rank_74,8,1.4513999930638448,0.707606375762739,5
evolved_rank_74,9,1.4513997753044576,0.7076065935221262,5
evolved_rank_74,10,1.4513997753044576,0.7076065935221262,5
evolved_rank_74,11,1.4513997753044576,0.7076065935221262,5
evolved_rank_74,12,1.4513997753044576,0.7076065935221262,5
evolved_rank_74,13,1.4513997753044576,0.7076065935221262,5
evolved_rank_74,14,1.4513997753044576,0.7076065935221262,5
evolved_rank_75,1,99.59511137422311,0.0,143
evolved_rank_75,2,18.085740025014886,0.00537704908758741,51
evolved_rank_75,3,3.79418498787555,0.3000074514108758,18
evolved_rank_75,4,1.559412959477604,0.6457261618245345,6
evolved_rank_75,5,1.4059090386096948,0.7094413706064392,4
evolved_rank_75,6,1.3890214126726386,0.7222163032040192,4
evolved_rank_75,7,1.3890195734040938,0.722217997610799,4
evolved_rank_75,8,1.3835298984643893,0.7277076725505033,4
evolved_rank_75,9,1.3835296807050024,0.7277078903098905,4
evolved_rank_75,10,1.3835296807050024,0.7277078903098905,4
evolved_rank_75,11,1.3835296807050024,0.7277078903098905,4
evolved_rank_75,12,1.3835296807050024,0.7277078903098905,4
evolved_rank_75,13,1.3835296807050024,0.7277078903098905,4
evolved_rank_75,14,1.3835296807050024,0.7277078903098905,4
evolved_rank_76,1,102.34822158513376,0.0,135
evolved_rank_76,2,16.378542341737088,0.014491339777196459,43
evolved_rank_76,3,3.3035331314151315,0.3081479970276306,18
evolved_rank_76,4,1.5279640279254045,0.582783401993436,7
evolved_rank_76,5,1.4587668056682894,0.6270589432365925,5
evolved_rank_76,6,1.4475212424699093,0.6350269002400308,5
evolved_rank_76,7,1.4475193886056057,0.6350286092425694,5
evolved_rank_76,8,1.4420297136659013,0.6405182841822737,5
evolved_rank_76,9,1.442029495906514,0.6405185019416609,5
evolved_rank_76,10,1.442029495906514,0.6405185019416609,5
evolved_rank_76,11,1.442029495906514,0.6405185019416609,5
evolved_rank_76,12,1.442029495906514,0.6405185019416609,5
evolved_rank_76,13,1.442029495906514,0.6405185019416609,5
evolved_rank_76,14,1.442029495906514,0.6405185019416609,5
evolved_rank_77,1,99.54692097991602,0.0,145
evolved_rank_77,2,17.01649492838973,0.02304306271931966,46
evolved_rank_77,3,3.7841541026769097,0.26851455812806974,16
evolved_rank_77,4,1.4460029204113471,0.692557571518052,6
evolved_rank_77,5,1.3630315188114848,0.7316233285181432,5
evolved_rank_77,6,1.3517858873879518,0.7395910817694553,4
evolved_rank_77,7,1.3517840474801766,0.7395927768154654,4
evolved_rank_77,8,1.3462943725404724,0.7450824517551697,4
evolved_rank_77,9,1.3462941547810852,0.7450826695145569,4
evolved_rank_77,10,1.3462941547810852,0.7450826695145569,4
evolved_rank_77,11,1.3462941547810852,0.7450826695145569,4
evolved_rank_77,12,1.3462941547810852,0.7450826695145569,4
evolved_rank_77,13,1.3462941547810852,0.7450826695145569,4
evolved_rank_77,14,1.3462941547810852,0.7450826695145569,4
evolved_rank_78,1,97.77084097827391,0.0,174
evolved_rank_78,2,16.41126975377482,0.006047416483096638,50
evolved_rank_78,3,3.4656165481487364,0.1968447481520333,16
evolved_rank_78,4,1.5114027936464063,0.6016813823849696,6
evolved_rank_78,5,1.34767024076891,0.6735966164287622,4
evolved_rank_78,6,1.3429779449144714,0.6782877271146851,3
evolved_rank_78,7,1.3429761050066964,0.6782894221606952,3
evolved_rank_78,8,1.3374864300669922,0.6837790971003995,3
evolved_rank_78,9,1.337486212307605,0.6837793148597867,3
evolved_rank_78,10,1.337486212307605,0.6837793148597867,3
evolved_rank_78,11,1.337486212307605,0.6837793148597867,3
evolved_rank_78,12,1.337486212307605,0.6837793148597867,3
evolved_rank_78,13,1.337486212307605,0.6837793148597867,3
evolved_rank_78,14,1.337486212307605,0.6837793148597867,3
evolved_rank_79,1,90.50330316818574,0.0,131
evolved_rank_79,2,21.08916049529391,0.008444125914889718,63
evolved_rank_79,3,3.6726606311776124,0.23932636968034063,24
evolved_rank_79,4,1.6336825134044681,0.5127160646273689,7
evolved_rank_79,5,1.5210928682666434,0.5724167455124778,4
evolved_rank_79,6,1.5065698964157817,0.5803852673012652,3
evolved_rank_79,7,1.5065679611054188,0.5803869111987036,3
evolved_rank_79,8,1.5010782674149585,0.5858766048891637,3
evolved_rank_79,9,1.5010779495094888,0.5858769227946335,3
evolved_rank_79,10,1.5010779495094888,0.5858769227946335,3
evolved_rank_79,11,1.5010779495094888,0.5858769227946335,3
evolved_rank_79,12,1.5010779495094888,0.5858769227946335,3
evolved_rank_79,13,1.5010779495094888,0.5858769227946335,3
evolved_rank_79,14,1.5010779495094888,0.5858769227946335,3
evolved_rank_80,1,99.59169859190112,0.0,149
evolved_rank_80,2,16.136425943065944,0.02237271797590054,53
evolved_rank_80,3,3.360714603581579,0.26492882340476764,16
evolved_rank_80,4,1.541590852327302,0.6326875777908855,6
evolved_rank_80,5,1.3992570970261822,0.7208647971336135,5
evolved_rank_80,6,1.3945642212376506,0.7255561545472179,5
evolved_rank_80,7,1.394562285359083,0.7255577996977507,5
evolved_rank_80,8,1.3890726104193787,0.731047474637455,5
evolved_rank_80,9,1.3890723926599915,0.7310476923968422,5
evolved_rank_80,10,1.3890723926599915,0.7310476923968422,5
evolved_rank_80,11,1.3890723926599915,0.7310476923968422,5
evolved_rank_80,12,1.3890723926599915,0.7310476923968422,5
evolved_rank_80,13,1.3890723926599915,0.7310476923968422,5
evolved_rank_80,14,1.3890723926599915,0.7310476923968422,5
evolved_rank_81,1,96.37555212555692,0.0,125
evolved_rank_81,2,18.01788106923703,3.952523378166115e-07,43
evolved_rank_81,3,3.835298307196739,0.24720366044763065,18
evolved_rank_81,4,1.7286394104916347,0.5618653038124856,7
evolved_rank_81,5,1.6022019384855346,0.6261704776719794,4
evolved_rank_81,6,1.5975095425205261,0.6308616801483314,4
evolved_rank_81,7,1.5975073122104464,0.6308634734937587,4
evolved_rank_81,8,1.5920176372707422,0.636353148433463,4
evolved_rank_81,9,1.592017419511355,0.6363533661928502,4
evolved_rank_81,10,1.592017419511355,0.6363533661928502,4
evolved_rank_81,11,1.592017419511355,0.6363533661928502,4
evolved_rank_81,12,1.592017419511355,0.6363533661928502,4
evolved_rank_81,13,1.592017419511355,0.6363533661928502,4
evolved_rank_81,14,1.592017419511355,0.6363533661928502,4
evolved_rank_82,1,99.48225540002504,4.775963634760529e-08,174
evolved_rank_82,2,17.048308726101475,2.412790041486892e-07,39
evolved_rank_82,3,3.351683153726415,0.23913286126570024,18
evolved_rank_82,4,1.649565828309411,0.5813908554952535,7
evolved_rank_82,5,1.4820835237121461,0.6788457462615979,5
evolved_rank_82,6,1.4773916109190102,0.6835369264765006,5
evolved_rank_82,7,1.4773897716504654,0.6835386208832803,5
evolved_rank_82,8,1.471900096710761,0.6890282958229846,5
evolved_rank_82,9,1.4718998789513738,0.6890285135823718,5
evolved_rank_82,10,1.4718998789513738,0.6890285135823718,5
evolved_rank_82,11,1.4718998789513738,0.6890285135823718,5
evolved_rank_82,12,1.4718998789513738,0.6890285135823718,5
evolved_rank_82,13,1.4718998789513738,0.6890285135823718,5
evolved_rank_82,14,1.4718998789513738,0.6890285135823718,5
evolved_rank_83,1,98.07827343948108,0.0,130
evolved_rank_83,2,16.178574796020236,0.02237275663918805,39
evolved_rank_83,3,3.8086346124970794,0.16400530282868486,18
evolved_rank_83,4,1.584769019224031,0.5328918591068332,6
evolved_rank_83,5,1.486270026591596,0.5827593165460313,4
evolved_rank_83,6,1.4815780792901696,0.5874505566760928,3
evolved_rank_83,7,1.475023036311539,0.5907285358720695,3
evolved_rank_83,8,1.4695331470470423,0.5962184251365664,3
evolved_rank_83,9,1.469532929287655,0.5962186428959536,3
evolved_rank_83,10,1.469532929287655,0.5962186428959536,3
evolved_rank_83,11,1.469532929287655,0.5962186428959536,3
evolved_rank_83,12,1.469532929287655,0.5962186428959536,3
evolved_rank_83,13,1.469532929287655,0.5962186428959536,3
evolved_rank_83,14,1.469532929287655,0.5962186428959536,3
evolved_rank_84,1,95.17309726164198,0.0,155
evolved_rank_84,2,18.70495173798476,0.022372461086486255,73
evolved_rank_84,3,4.0896085071297374,0.19628201203331194,22
evolved_rank_84,4,1.6783626067769377,0.572268584943575,7
evolved_rank_84,5,1.5290711514523865,0.6353240991222301,5
evolved_rank_84,6,1.5243775712168286,0.6400162277925752,5
evolved_rank_84,7,1.5243753438695307,0.6400180178606788,5
evolved_rank_84,8,1.5188856689298265,0.6455076928003831,5
evolved_rank_84,9,1.5188854511704393,0.6455079105597703,5
evolved_rank_84,10,1.5188854511704393,0.6455079105597703,5
evolved_rank_84,11,1.5188854511704393,0.6455079105597703,5
evolved_rank_84,12,1.5188854511704393,0.6455079105597703,5
evolved_rank_84,13,1.5188854511704393,0.6455079105597703,5
evolved_rank_84,14,1.5188854511704393,0.6455079105597703,5
evolved_rank_85,1,93.9408229510091,0.0,117
evolved_rank_85,2,18.694957082655726,3.414605995338774e-07,36
evolved_rank_85,3,4.0555036050906,0.17860957618651552,19
evolved_rank_85,4,1.738326486761496,0.5956482683808356,7
evolved_rank_85,5,1.5543467661792936,0.6493817941758501,4
evolved_rank_85,6,1.5496544408289419,0.6540732433798837,4
evolved_rank_85,7,1.5496525855491996,0.6540749537978608,4
evolved_rank_85,8,1.5441629106094954,0.6595646287375652,4
evolved_rank_85,9,1.5441626928501082,0.6595648464969524,4
evolved_rank_85,10,1.5441626928501082,0.6595648464969524,4
evolved_rank_85,11,1.5441626928501082,0.6595648464969524,4
evolved_rank_85,12,1.5441626928501082,0.6595648464969524,4
evolved_rank_85,13,1.5441626928501082,0.6595648464969524,4
evolved_rank_85,14,1.5441626928501082,0.6595648464969524,4
evolved_rank_86,1,100.92819104723945,0.0,123
evolved_rank_86,2,16.701956943642163,0.028419718416454375,47
evolved_rank_86,3,3.8054780761076787,0.316197857652408,17
evolved_rank_86,4,1.4630525675917296,0.6831334167948523,6
evolved_rank_86,5,1.343067867705471,0.7440227758440433,5
evolved_rank_86,6,1.3350977871281957,0.7519907127928988,5
evolved_rank_86,7,1.3350959481133138,0.7519924069460157,5
evolved_rank_86,8,1.3296063840344097,0.7574819710249198,5
evolved_rank_86,9,1.3296060554142224,0.7574822996451072,5
evolved_rank_86,10,1.3296060554142224,0.7574822996451072,5
evolved_rank_86,11,1.3296060554142224,0.7574822996451072,5
evolved_rank_86,12,1.3296060554142224,0.7574822996451072,5
evolved_rank_86,13,1.3296060554142224,0.7574822996451072,5
evolved_rank_86,14,1.3296060554142224,0.7574822996451072,5
evolved_rank_87,1,104.06155007446775,0.0,214
evolved_rank_87,2,15.633871204614971,0.016996196283762054,47
evolved_rank_87,3,3.261405760820353,0.3250106508236639,16
evolved_rank_87,4,1.3571602768563509,0.7234673285395457,14
evolved_rank_87,5,1.247426375056893,0.7943741621716806,5
evolved_rank_87,6,1.2427338004929642,0.799065553946451,5
evolved_rank_87,7,1.2427317668578177,0.7990672961686729,5
evolved_rank_87,8,1.2372420919181135,0.8045569711083772,5
evolved_rank_87,9,1.2372418741587263,0.8045571888677644,5
evolved_rank_87,10,1.2372418741587263,0.8045571888677644,5
evolved_rank_87,11,1.2372418741587263,0.8045571888677644,5
evolved_rank_87,12,1.2372418741587263,0.8045571888677644,5
evolved_rank_87,13,1.2372418741587263,0.8045571888677644,5
evolved_rank_87,14,1.2372418741587263,0.8045571888677644,5
evolved_rank_88,1,103.756817760087,0.0,141
evolved_rank_88,2,16.659657199190086,0.009114436824761481,45
evolved_rank_88,3,3.688132128004896,0.2960504067566959,17
evolved_rank_88,4,1.470120542114372,0.7246653121720982,6
evolved_rank_88,5,1.3591463073594905,0.796681485329638,5
evolved_rank_88,6,1.3544543488005079,0.8013727092506452,5
evolved_rank_88,7,1.354452312902689,0.8013744531267487,5
evolved_rank_88,8,1.3489626379629849,0.806864128066453,5
evolved_rank_88,9,1.3489624202035977,0.8068643458258402,5
evolved_rank_88,10,1.3489624202035977,0.8068643458258402,5
evolved_rank_88,11,1.3489624202035977,0.8068643458258402,5
evolved_rank_88,12,1.3489624202035977,0.8068643458258402,5
evolved_rank_88,13,1.3489624202035977,0.8068643458258402,5
evolved_rank_88,14,1.3489624202035977,0.8068643458258402,5
evolved_rank_89,1,98.9303410109593,0.0,121
evolved_rank_89,2,22.293041372310824,0.0030677170519749788,46
evolved_rank_89,3,4.406307999289983,0.3927978390066878,19
evolved_rank_89,4,1.4760729830561081,0.6712043062713116,6
evolved_rank_89,5,1.332367529758583,0.7542604643774061,6
evolved_rank_89,6,1.3221849507418693,0.7589520375515347,4
evolved_rank_89,7,1.322183206769374,0.7589537815240301,4
evolved_rank_89,8,1.3166933379602472,0.764443505471392,4
evolved_rank_89,9,1.31669312020086,0.7644437232307791,4
evolved_rank_89,10,1.31669312020086,0.7644437232307791,4
evolved_rank_89,11,1.31669312020086,0.7644437232307791,4
evolved_rank_89,12,1.31669312020086,0.7644437232307791,4
evolved_rank_89,13,1.31669312020086,0.7644437232307791,4
evolved_rank_89,14,1.31669312020086,0.7644437232307791,4
evolved_rank_90,1,98.82089956775862,0.0,128
evolved_rank_90,2,15.873957355913227,0.0060473053381940355,43
evolved_rank_90,3,3.4863261569641306,0.20269445750719498,16
evolved_rank_90,4,1.6427964505743469,0.5590708550107993,6
evolved_rank_90,5,1.5013022997670746,0.6369799253694202,5
evolved_rank_90,6,1.4966101618126701,0.6416711265267255,4
evolved_rank_90,7,1.4966081281775239,0.6416728687489475,4
evolved_rank_90,8,1.4911182606164182,0.6471625917780498,4
evolved_rank_90,9,1.491118042857031,0.647162809537437,4
evolved_rank_90,10,1.491118042857031,0.647162809537437,4
evolved_rank_90,11,1.491118042857031,0.647162809537437,4
evolved_rank_90,12,1.491118042857031,0.647162809537437,4
evolved_rank_90,13,1.491118042857031,0.647162809537437,4
evolved_rank_90,14,1.491118042857031,0.647162809537437,4
evolved_rank_91,1,101.78884653233848,0.0,157
evolved_rank_91,2,16.843735193747147,0.006047456592262239,47
evolved_rank_91,3,3.234107185778725,0.29068803948560346,16
evolved_rank_91,4,1.631606452247823,0.5543411108072369,6
evolved_rank_91,5,1.456511800411806,0.6433913338037297,4
evolved_rank_91,6,1.4488861990673196,0.646327930249293,4
evolved_rank_91,7,1.4488839500876562,0.6463297413409714,4
evolved_rank_91,8,1.4433942751479518,0.6518194162806757,4
evolved_rank_91,9,1.4433940573885646,0.6518196340400629,4
evolved_rank_91,10,1.4433940573885646,0.6518196340400629,4
evolved_rank_91,11,1.4433940573885646,0.6518196340400629,4
evolved_rank_91,12,1.4433940573885646,0.6518196340400629,4
evolved_rank_91,13,1.4433940573885646,0.6518196340400629,4
evolved_rank_91,14,1.4433940573885646,0.6518196340400629,4
evolved_rank_92,1,99.62018162925101,0.0,154
evolved_rank_92,2,19.089711792989874,0.021704619234143414,49
evolved_rank_92,3,3.61075752194753,0.43003306543090963,18
evolved_rank_92,4,1.5861289373269312,0.585713217006938,6
evolved_rank_92,5,1.453653879870208,0.6678269462376765,5
evolved_rank_92,6,1.4489609584883207,0.6725185223695136,5
evolved_rank_92,7,1.4489592171539187,0.6725201188421506,5
evolved_rank_92,8,1.4434695422142145,0.6780097937818549,5
evolved_rank_92,9,1.4434693244548273,0.6780100115412421,5
evolved_rank_92,10,1.4434693244548273,0.6780100115412421,5
evolved_rank_92,11,1.4434693244548273,0.6780100115412421,5
evolved_rank_92,12,1.4434693244548273,0.6780100115412421,5
evolved_rank_92,13,1.4434693244548273,0.6780100115412421,5
evolved_rank_92,14,1.4434693244548273,0.6780100115412421,5
evolved_rank_93,1,91.66806123320875,0.0,160
evolved_rank_93,2,19.068031442215787,3.91716278061536e-07,55
evolved_rank_93,3,4.033172492591635,0.1483298529489913,22
evolved_rank_93,4,1.745919275678322,0.3870738988043828,9
evolved_rank_93,5,1.6228592165996285,0.4542668489494147,4
evolved_rank_93,6,1.6181670171776488,0.4589583053168865,3
evolved_rank_93,7,1.6181651551149627,0.4589600225178075,3
evolved_rank_93,8,1.6126754801752583,0.4644496974575118,3
evolved_rank_93,9,1.6126752624158711,0.464449915216899,3
evolved_rank_93,10,1.6126752624158711,0.464449915216899,3
evolved_rank_93,11,1.6126752624158711,0.464449915216899,3
evolved_rank_93,12,1.6126752624158711,0.464449915216899,3
evolved_rank_93,13,1.6126752624158711,0.464449915216899,3
evolved_rank_93,14,1.6126752624158711,0.464449915216899,3
evolved_rank_94,1,97.09740207779114,0.0,118
evolved_rank_94,2,20.11712679849113,4.0782386733322144e-07,42
evolved_rank_94,3,4.013506175549812,0.23537155481369507,21
evolved_rank_94,4,1.7227009943949014,0.5365732692322982,7
evolved_rank_94,5,1.572125607162743,0.6170669497894193,5
evolved_rank_94,6,1.5674332955507697,0.6217582177107798,5
evolved_rank_94,7,1.5674313355539409,0.6217600328458436,5
evolved_rank_94,8,1.5619416606142367,0.6272497077855479,5
evolved_rank_94,9,1.5619414428548495,0.6272499255449351,5
evolved_rank_94,10,1.5619414428548495,0.6272499255449351,5
evolved_rank_94,11,1.5619414428548495,0.6272499255449351,5
evolved_rank_94,12,1.5619414428548495,0.6272499255449351,5
evolved_rank_94,13,1.5619414428548495,0.6272499255449351,5
evolved_rank_94,14,1.5619414428548495,0.6272499255449351,5
evolved_rank_95,1,99.11637157022743,0.0,153
evolved_rank_95,2,15.580462570990822,1.4652579317947057e-07,56
evolved_rank_95,3,3.9424927079822303,0.23668011931434332,17
evolved_rank_95,4,1.6723206538765103,0.5591498096546945,12
evolved_rank_95,5,1.5183765270627334,0.617615172675958,5
evolved_rank_95,6,1.508194026387246,0.6223072461086867,5
evolved_rank_95,7,1.5081921870020163,0.6223089406321514,5
evolved_rank_95,8,1.5027025120623119,0.6277986155718557,5
evolved_rank_95,9,1.5027022943029247,0.6277988333312429,5
evolved_rank_95,10,1.5027022943029247,0.6277988333312429,5
evolved_rank_95,11,1.5027022943029247,0.6277988333312429,5
evolved_rank_95,12,1.5027022943029247,0.6277988333312429,5
evolved_rank_95,13,1.5027022943029247,0.6277988333312429,5
evolved_rank_95,14,1.5027022943029247,0.6277988333312429,5
evolved_rank_96,1,87.55004711570896,0.0,148
evolved_rank_96,2,22.806677639861764,3.9202067344934737e-07,87
evolved_rank_96,3,4.434799512635976,0.18397740850137517,30
evolved_rank_96,4,1.8298031025952002,0.5330690370133129,8
evolved_rank_96,5,1.6614686194836017,0.6048434996405826,5
evolved_rank_96,6,1.656775977430142,0.6095347588156489,5
evolved_rank_96,7,1.6567735094887297,0.6095366272706382,5
evolved_rank_96,8,1.6512837183359395,0.6150264184234282,5
evolved_rank_96,9,1.6512835005765523,0.6150266361828154,5
evolved_rank_96,10,1.6512835005765523,0.6150266361828154,5
evolved_rank_96,11,1.6512835005765523,0.6150266361828154,5
evolved_rank_96,12,1.6512835005765523,0.6150266361828154,5
evolved_rank_96,13,1.6512835005765523,0.6150266361828154,5
evolved_rank_96,14,1.6512835005765523,0.6150266361828154,5
evolved_rank_97,1,91.2161606474049,0.0,106
evolved_rank_97,2,18.367476002935966,4.408304738849019e-07,49
evolved_rank_97,3,4.1371727396687215,0.1449354365966864,21
evolved_rank_97,4,1.9814117654301082,0.4389339204110827,7
evolved_rank_97,5,1.8358681920309967,0.5342254372528156,4
evolved_rank_97,6,1.8278984299426158,0.5421937306892562,4
evolved_rank_97,7,1.8278966670062877,0.5421953487638193,4
evolved_rank_97,8,1.8224067598078293,0.5476850902697216,4
evolved_rank_97,9,1.8224064429220839,0.5476854071554669,4
evolved_rank_97,10,1.8224064429220839,0.5476854071554669,4
evolved_rank_97,11,1.8224064429220839,0.5476854071554669,4
evolved_rank_97,12,1.8224064429220839,0.5476854071554669,4
evolved_rank_97,13,1.8224064429220839,0.5476854071554669,4
evolved_rank_97,14,1.8224064429220839,0.5476854071554669,4
evolved_rank_98,1,101.06091808085944,0.0,150
evolved_rank_98,2,17.96155831796513,4.0954370127435575e-07,46
evolved_rank_98,3,3.4017739528192283,0.2925264639622846,19
evolved_rank_98,4,1.546416798192067,0.6141662290240623,6
evolved_rank_98,5,1.4626270913336048,0.6672097623781722,4
evolved_rank_98,6,1.457933860143165,0.671901207097447,4
evolved_rank_98,7,1.4579320057461695,0.6719029166326776,4
evolved_rank_98,8,1.4524424309525479,0.6773924914262993,4
evolved_rank_98,9,1.452442113047078,0.677392809331769,4
evolved_rank_98,10,1.452442113047078,0.677392809331769,4
evolved_rank_98,11,1.452442113047078,0.677392809331769,4
evolved_rank_98,12,1.452442113047078,0.677392809331769,4
evolved_rank_98,13,1.452442113047078,0.677392809331769,4
evolved_rank_98,14,1.452442113047078,0.677392809331769,4
evolved_rank_99,1,100.47770902782403,0.0,153
evolved_rank_99,2,20.848842266671298,5.037743668278315e-07,49
evolved_rank_99,3,4.247666487384546,0.3463047012289657,21
evolved_rank_99,4,1.5535051175486585,0.6130636213345634,8
evolved_rank_99,5,1.358732732742879,0.7086057242926506,4
evolved_rank_99,6,1.3540397325682458,0.7132972153307571,3
evolved_rank_99,7,1.354037698116305,0.7132989590546629,3
evolved_rank_99,8,1.3485480044258449,0.718788652745123,3
evolved_rank_99,9,1.3485476865203752,0.7187889706505928,3
evolved_rank_99,10,1.3485476865203752,0.7187889706505928,3
evolved_rank_99,11,1.3485476865203752,0.7187889706505928,3
evolved_rank_99,12,1.3485476865203752,0.7187889706505928,3
evolved_rank_99,13,1.3485476865203752,0.7187889706505928,3
evolved_rank_99,14,1.3485476865203752,0.7187889706505928,3
evolved_rank_100,1,98.81081320317757,0.0,155
evolved_rank_100,2,17.89884097011766,3.570101305945753e-07,40
evolved_rank_100,3,3.770979016990989,0.2278859567794833,16
evolved_rank_100,4,1.694646908915049,0.6434669649776087,6
evolved_rank_100,5,1.5623740462823903,0.7209567398366008,5
evolved_rank_100,6,1.557680646127144,0.725648072578959,4
evolved_rank_100,7,1.557678904792742,0.725649669051596,4
evolved_rank_100,8,1.5521891109561992,0.7311394628881388,4
evolved_rank_100,9,1.552188893196812,0.731139680647526,4
evolved_rank_100,10,1.552188893196812,0.731139680647526,4
evolved_rank_100,11,1.552188893196812,0.731139680647526,4
evolved_rank_100,12,1.552188893196812,0.731139680647526,4
evolved_rank_100,13,1.552188893196812,0.731139680647526,4
evolved_rank_100,14,1.552188893196812,0.731139680647526,4
