rank,layout_name,word_count,total_frequency,sequence_count,collision_count,collision_group_count,collided_word_count,collided_frequency,weighted_collision_score,weighted_collision_pairs,high_frequency_word_collision_count,average_candidate_ambiguity,first_2_character_ambiguity,first_3_character_ambiguity,channel_load_distribution,channel_entropy,entropy_balance_score,pinky_burden,ring_burden,core_channel_burden,hand_alternation_rate,convergence_auc,average_elimination_rate,average_uniqueness_step,reconstruction_confidence,intent_resolution_score,learnability_index,memorization_complexity,average_field_diversity,cognitive_grouping_score,mnemonic_quality,estimated_learning_difficulty,score,layout
1,random_79,800,197112053607,767,33,26,59,21122982840,1351.834857546962,266462944908608,11,1.139972367306411,13.318711709529715,2.741559746150446,"{""0"": 119222301340, ""1"": 51369419624, ""2"": 26080317699, ""3"": 16662080043, ""4"": 19422559672, ""5"": 60212538725, ""6"": 90962422863, ""7"": 88800384087, ""8"": 51887918673, ""9"": 38101126034}",0.9281973799633949,0.9281973799633949,0.27957621654485854,0.18349648525607126,0.5369272981990701,0.44899511990234636,7.680871397631216,0.17340959897341435,11.54446981767019,0.8322073279448322,198282356310.2812,0.8184733136280805,0.1884222879063983,1.0,0.9,0.5999999999999999,0.18152668637191952,200854642619.81567,"{""a"": 8, ""b"": 5, ""c"": 5, ""d"": 2, ""e"": 7, ""f"": 9, ""g"": 8, ""h"": 0, ""i"": 1, ""j"": 2, ""k"": 1, ""l"": 1, ""m"": 2, ""n"": 5, ""o"": 6, ""p"": 3, ""q"": 0, ""r"": 6, ""s"": 7, ""t"": 0, ""u"": 3, ""v"": 4, ""w"": 4, ""x"": 3, ""y"": 9, ""z"": 4}"
2,random_32,800,197112053607,766,34,27,61,28316059709,74227601.5531198,14631154976457584633,15,1.174861977221955,13.928833678066344,2.7484829223034417,"{""0"": 88720701892, ""1"": 35469192385, ""2"": 66485439266, ""3"": 62019486070, ""4"": 41004961636, ""5"": 46406857401, ""6"": 8180049499, ""7"": 50707563537, ""8"": 90491677836, ""9"": 73235139238}",0.9533461204301014,0.9533461204301014,0.287808383444541,0.22384246336922245,0.48834915318623656,0.47032241453904156,7.500097753654063,0.17191715688387424,12.910803284455378,0.7921601160085264,204209673481.94672,0.7934733136280805,0.1884222879063983,1.0,1.0,0.4,0.20652668637191948,206950752706.56985,"{""a"": 7, ""b"": 1, ""c"": 6, ""d"": 4, ""e"": 0, ""f"": 8, ""g"": 3, ""h"": 3, ""i"": 2, ""j"": 5, ""k"": 6, ""l"": 2, ""m"": 3, ""n"": 5, ""o"": 8, ""p"": 5, ""q"": 4, ""r"": 4, ""s"": 1, ""t"": 9, ""u"": 0, ""v"": 9, ""w"": 2, ""x"": 7, ""y"": 0, ""z"": 1}"
3,random_63,800,197112053607,752,48,38,86,53338219051,149643240.33135298,29496486410118835001,23,1.3378596900967754,13.093342061889748,3.2955056157049314,"{""0"": 74746938245, ""1"": 88220729771, ""2"": 39431277898, ""3"": 94202693520, ""4"": 48856092691, ""5"": 34176792810, ""6"": 68072109328, ""7"": 38101126034, ""8"": 26714457193, ""9"": 50198851270}",0.9661012883429162,0.9661012883429162,0.2220385843919579,0.20424894915924988,0.5737124664487923,0.449634706538092,7.846981898773569,0.17114714725222685,11.699906067896096,0.669446880697071,204755225819.50223,0.8184733136280805,0.1884222879063983,1.0,0.9,0.5999999999999999,0.18152668637191952,207070898604.25684,"{""a"": 9, ""b"": 4, ""c"": 5, ""d"": 1, ""e"": 0, ""f"": 7, ""g"": 3, ""h"": 3, ""i"": 2, ""j"": 2, ""k"": 8, ""l"": 5, ""m"": 0, ""n"": 3, ""o"": 6, ""p"": 6, ""q"": 2, ""r"": 4, ""s"": 8, ""t"": 1, ""u"": 4, ""v"": 1, ""w"": 5, ""x"": 0, ""y"": 7, ""z"": 9}"
4,random_34,800,197112053607,756,44,35,79,44335571225,85492976.82471307,16851696230894851576,19,1.28232068933213,13.2641053897637,2.907833510084465,"{""0"": 54505353144, ""1"": 23296088219, ""2"": 91000409181, ""3"": 38226552999, ""4"": 134207757090, ""5"": 11094861949, ""6"": 53090203570, ""7"": 52455407524, ""8"": 66272564023, ""9"": 38571871061}",0.9268267368201927,0.9268267368201927,0.16540561456158548,0.15917060372267836,0.6754237817157361,0.5175554256199455,7.827695187068562,0.17022131880022123,11.952228408168411,0.7122216175318385,205153455689.51474,0.6934733136280805,0.1884222879063983,1.0,1.0,0.0,0.3065266863719195,207127059596.58182,"{""a"": 0, ""b"": 6, ""c"": 1, ""d"": 4, ""e"": 8, ""f"": 2, ""g"": 3, ""h"": 4, ""i"": 7, ""j"": 5, ""k"": 0, ""l"": 3, ""m"": 5, ""n"": 6, ""o"": 2, ""p"": 8, ""q"": 5, ""r"": 9, ""s"": 3, ""t"": 4, ""u"": 7, ""v"": 0, ""w"": 1, ""x"": 2, ""y"": 9, ""z"": 1}"
5,random_66,800,197112053607,751,49,38,87,41695284288,85235653.36571576,16800974675450634393,21,1.272217489342288,13.009842860908284,2.945866520160789,"{""0"": 18743128486, ""1"": 134187688212, ""2"": 55830426931, ""3"": 78112150373, ""4"": 11940344421, ""5"": 36900121493, ""6"": 60011262650, ""7"": 81116920529, ""8"": 60330399589, ""9"": 25548626076}",0.9192292857291542,0.9192292857291542,0.07870996310765536,0.34567408010799355,0.5756159567843511,0.5767432524024559,8.062296179495068,0.17148869481092607,11.894269509471236,0.7200125662987863,208306665289.4037,0.7934733136280805,0.1884222879063983,1.0,1.0,0.4,0.20652668637191948,210580075286.31882,"{""a"": 6, ""b"": 6, ""c"": 4, ""d"": 0, ""e"": 1, ""f"": 9, ""g"": 4, ""h"": 8, ""i"": 3, ""j"": 5, ""k"": 1, ""l"": 5, ""m"": 8, ""n"": 2, ""o"": 7, ""p"": 4, ""q"": 9, ""r"": 5, ""s"": 3, ""t"": 1, ""u"": 3, ""v"": 0, ""w"": 7, ""x"": 0, ""y"": 2, ""z"": 2}"
6,random_73,800,197112053607,763,37,31,68,50433514977,304393613.8824056,59999650337217190641,19,1.2771094418046296,13.457930864684545,3.442512424790152,"{""0"": 65451936966, ""1"": 28825867262, ""2"": 89163012341, ""3"": 84999998391, ""4"": 67350347245, ""5"": 50525708777, ""6"": 26714457193, ""7"": 16934765613, ""8"": 51887918673, ""9"": 80867056299}",0.9550493574515483,0.9550493574515483,0.26002046375733784,0.14343480352150162,0.5965447327211605,0.4476522668006674,7.951664744177535,0.17300050729903377,12.077469649017232,0.677493435729988,208438557504.21887,0.8684733136280804,0.1884222879063983,1.0,0.9,0.7999999999999999,0.1315266863719195,210665455918.4195,"{""a"": 8, ""b"": 7, ""c"": 7, ""d"": 4, ""e"": 2, ""f"": 3, ""g"": 8, ""h"": 4, ""i"": 5, ""j"": 5, ""k"": 6, ""l"": 9, ""m"": 5, ""n"": 3, ""o"": 0, ""p"": 4, ""q"": 2, ""r"": 2, ""s"": 6, ""t"": 9, ""u"": 1, ""v"": 1, ""w"": 3, ""x"": 0, ""y"": 1, ""z"": 0}"
7,random_38,800,197112053607,764,36,27,63,39889577687,35331918.204327725,6964346955129585534,17,1.2788281859899826,11.848537375154516,3.289340768321104,"{""0"": 79965063437, ""1"": 23033003675, ""2"": 39898464071, ""3"": 53447800304, ""4"": 29706891244, ""5"": 81877952156, ""6"": 49235853005, ""7"": 46406695897, ""8"": 89162877558, ""9"": 69986467413}",0.9663792053059199,0.9663792053059199,0.266475771345171,0.19938098546804445,0.5341432431867845,0.4815653026972557,8.104515419077329,0.17249338130555353,11.83686872949378,0.7208448371163136,208520733054.6148,0.8684733136280804,0.1884222879063983,1.0,0.9,0.7999999999999999,0.1315266863719195,210999377776.0474,"{""a"": 3, ""b"": 5, ""c"": 5, ""d"": 0, ""e"": 8, ""f"": 0, ""g"": 2, ""h"": 6, ""i"": 0, ""j"": 3, ""k"": 1, ""l"": 1, ""m"": 1, ""n"": 7, ""o"": 5, ""p"": 7, ""q"": 9, ""r"": 8, ""s"": 2, ""t"": 9, ""u"": 4, ""v"": 3, ""w"": 4, ""x"": 4, ""y"": 2, ""z"": 6}"
8,random_44,800,197112053607,750,50,41,91,43908745914,89804568.11325313,17701562844093033338,27,1.2472499750987793,14.954776176393693,3.666581349656914,"{""0"": 77962202654, ""1"": 74755778505, ""2"": 32988649357, ""3"": 14590871602, ""4"": 39880231296, ""5"": 69297144215, ""6"": 102574622849, ""7"": 51887918673, ""8"": 28797297901, ""9"": 69986351708}",0.9510822359429233,0.9510822359429233,0.2629163231581434,0.18402203534725886,0.5530616414945977,0.6161716829649995,7.503082679590955,0.17667959875285433,13.524686911365665,0.669884970313712,209595356214.00443,0.7934733136280805,0.1884222879063983,1.0,1.0,0.4,0.20652668637191948,211878264297.13693,"{""a"": 7, ""b"": 1, ""c"": 2, ""d"": 2, ""e"": 6, ""f"": 8, ""g"": 7, ""h"": 0, ""i"": 6, ""j"": 1, ""k"": 3, ""l"": 2, ""m"": 4, ""n"": 5, ""o"": 1, ""p"": 4, ""q"": 5, ""r"": 5, ""s"": 4, ""t"": 9, ""u"": 3, ""v"": 8, ""w"": 0, ""x"": 3, ""y"": 0, ""z"": 9}"
9,random_58,800,197112053607,752,48,39,87,43020924529,72502188.800845,14291055325536994590,22,1.2535945687150247,15.121862419509322,3.408114735004431,"{""0"": 11603458511, ""1"": 12941488026, ""2"": 75255089325, ""3"": 20480254938, ""4"": 81146700062, ""5"": 109910046136, ""6"": 65184422725, ""7"": 38209377590, ""8"": 52455407524, ""9"": 95534823923}",0.9160365041332044,0.9160365041332044,0.19039323100179562,0.11621547366994306,0.6933912953282613,0.38626183717844575,7.821989951897973,0.1746209620313146,12.99924034563965,0.6926578312517332,211306730696.33154,0.8434733136280805,0.1884222879063983,1.0,1.0,0.5999999999999999,0.15652668637191952,213377876994.25696,"{""a"": 6, ""b"": 1, ""c"": 4, ""d"": 6, ""e"": 4, ""f"": 9, ""g"": 5, ""h"": 2, ""i"": 8, ""j"": 0, ""k"": 3, ""l"": 4, ""m"": 0, ""n"": 5, ""o"": 5, ""p"": 1, ""q"": 1, ""r"": 2, ""s"": 7, ""t"": 9, ""u"": 8, ""v"": 3, ""w"": 3, ""x"": 0, ""y"": 7, ""z"": 2}"
10,random_67,800,197112053607,761,39,31,70,60468789340,478697604.9787592,94357067974115704323,22,1.4113916738023384,15.304533127642623,3.25507297231677,"{""0"": 178207292285, ""1"": 63579206197, ""2"": 27675250925, ""3"": 103677723064, ""4"": 42172585018, ""5"": 18003193607, ""6"": 39939712956, ""7"": 26714457193, ""8"": 50198851270, ""9"": 12552796245}",0.8718346776835043,0.8718346776835043,0.3389958171467701,0.20219263820656097,0.45881154464666896,0.3190588115016365,8.157412031607695,0.1696827183407422,12.072424612913135,0.620824647415952,212654018423.57776,0.8184733136280805,0.1884222879063983,1.0,0.9,0.5999999999999999,0.18152668637191952,215850401391.02377,"{""a"": 8, ""b"": 2, ""c"": 5, ""d"": 3, ""e"": 3, ""f"": 3, ""g"": 2, ""h"": 1, ""i"": 6, ""j"": 9, ""k"": 7, ""l"": 5, ""m"": 1, ""n"": 0, ""o"": 0, ""p"": 4, ""q"": 5, ""r"": 4, ""s"": 7, ""t"": 0, ""u"": 4, ""v"": 1, ""w"": 2, ""x"": 6, ""y"": 9, ""z"": 8}"
11,random_12,800,197112053607,754,46,38,84,38553866279,40846972.48190019,8051430629535965032,24,1.2547809614886816,13.499502638891402,3.5946911896707934,"{""0"": 51256681319, ""1"": 54383111576, ""2"": 95534843001, ""3"": 98975308016, ""4"": 34999715244, ""5"": 45475590938, ""6"": 3129084289, ""7"": 79928777076, ""8"": 46553316766, ""9"": 52484640535}",0.9382346362297426,0.9382346362297426,0.18435656244860732,0.17937204406513751,0.6362713934862552,0.618523677263171,8.155254901322781,0.17656162054726388,12.893520905845534,0.7319150453256532,215383891420.1551,0.7184733136280805,0.1884222879063983,1.0,0.9,0.20000000000000007,0.28152668637191947,217351259799.98303,"{""a"": 0, ""b"": 3, ""c"": 8, ""d"": 7, ""e"": 3, ""f"": 2, ""g"": 5, ""h"": 9, ""i"": 8, ""j"": 6, ""k"": 0, ""l"": 4, ""m"": 4, ""n"": 5, ""o"": 7, ""p"": 6, ""q"": 0, ""r"": 3, ""s"": 1, ""t"": 2, ""u"": 4, ""v"": 9, ""w"": 1, ""x"": 5, ""y"": 1, ""z"": 2}"
12,random_43,800,197112053607,752,48,40,88,51420138245,32807084.85970188,6466671869554955098,21,1.3337278582016858,16.778241869940885,4.547759617929148,"{""0"": 116591280038, ""1"": 50400127345, ""2"": 29067730790, ""3"": 50311840063, ""4"": 12941514747, ""5"": 100911813096, ""6"": 71675419111, ""7"": 16682465331, ""8"": 77495821284, ""9"": 36643056955}",0.9223577624844607,0.9223577624844607,0.2723095784038509,0.22728125127930388,0.5004091703168452,0.45416271714884576,8.072456604570158,0.1751594954284525,12.856616238445012,0.6840753547819131,214890371223.63937,0.7934733136280805,0.1884222879063983,1.0,1.0,0.4,0.20652668637191948,217649029224.10077,"{""a"": 0, ""b"": 4, ""c"": 1, ""d"": 2, ""e"": 0, ""f"": 9, ""g"": 6, ""h"": 5, ""i"": 3, ""j"": 4, ""k"": 2, ""l"": 3, ""m"": 9, ""n"": 1, ""o"": 8, ""p"": 4, ""q"": 3, ""r"": 5, ""s"": 5, ""t"": 6, ""u"": 2, ""v"": 0, ""w"": 7, ""x"": 7, ""y"": 8, ""z"": 1}"
13,random_71,800,197112053607,762,38,30,68,49311232162,449623496.4831016,88626210741743896651,15,1.3989401433196138,16.020582861077024,3.1043978950421183,"{""0"": 21363319926, ""1"": 36537601301, ""2"": 73354825502, ""3"": 27077112168, ""4"": 78925200919, ""5"": 104374187232, ""6"": 70265976393, ""7"": 2197817826, ""8"": 95534823923, ""9"": 53090203570}",0.9148692140315815,0.9148692140315815,0.13230982031659874,0.2347031816580672,0.6329869980253341,0.6134374872461612,8.429486972465215,0.1695482478214641,12.162228865022916,0.6759144484975758,216479870168.72592,0.7434733136280806,0.1884222879063983,1.0,1.0,0.20000000000000007,0.25652668637191944,218508018267.89142,"{""a"": 4, ""b"": 9, ""c"": 6, ""d"": 0, ""e"": 6, ""f"": 8, ""g"": 7, ""h"": 2, ""i"": 5, ""j"": 3, ""k"": 3, ""l"": 1, ""m"": 2, ""n"": 9, ""o"": 5, ""p"": 0, ""q"": 1, ""r"": 3, ""s"": 1, ""t"": 8, ""u"": 2, ""v"": 0, ""w"": 4, ""x"": 7, ""y"": 4, ""z"": 5}"
14,random_75,800,197112053607,744,56,42,98,52244390904,192008774.15772215,37847243784791284809,31,1.3331710000644414,15.339014624540582,3.6857278205243147,"{""0"": 65452079392, ""1"": 135395900543, ""2"": 66711131522, ""3"": 89162896636, ""4"": 38573051989, ""5"": 34468164485, ""6"": 49243412069, ""7"": 18114513318, ""8"": 12152280006, ""9"": 53447638800}",0.921882666363217,0.921882666363217,0.21129423579963844,0.2622048271164504,0.5265009370839111,0.3862710044141021,8.293449928497292,0.17411407293647288,12.56085936124646,0.6568637603570782,216914174525.34244,0.6684733136280805,0.1884222879063983,1.0,0.9,0.0,0.3315266863719195,219612105328.88293,"{""a"": 9, ""b"": 6, ""c"": 5, ""d"": 7, ""e"": 3, ""f"": 4, ""g"": 5, ""h"": 1, ""i"": 6, ""j"": 0, ""k"": 8, ""l"": 2, ""m"": 8, ""n"": 2, ""o"": 0, ""p"": 7, ""q"": 4, ""r"": 3, ""s"": 5, ""t"": 1, ""u"": 4, ""v"": 9, ""w"": 1, ""x"": 0, ""y"": 2, ""z"": 3}"
15,random_72,800,197112053607,762,38,31,69,49568020755,68609598.36742944,13523778831355489950,16,1.3218166709960515,14.586949923076096,2.948331941088161,"{""0"": 67430280522, ""1"": 99572856200, ""2"": 90600090896, ""3"": 51433651753, ""4"": 34660560429, ""5"": 85957561331, ""6"": 69986467413, ""7"": 37113801982, ""8"": 12941353243, ""9"": 13024444991}",0.9313857446923197,0.9313857446923197,0.14297443259106735,0.1999466799615907,0.6570788874473419,0.5891986430883074,8.287955817936624,0.17071008372958751,12.813452379024405,0.670693782352766,218086679692.76636,0.8184733136280805,0.1884222879063983,1.0,0.9,0.5999999999999999,0.18152668637191952,220034928533.9183,"{""a"": 0, ""b"": 8, ""c"": 4, ""d"": 4, ""e"": 1, ""f"": 1, ""g"": 3, ""h"": 3, ""i"": 5, ""j"": 2, ""k"": 0, ""l"": 1, ""m"": 7, ""n"": 5, ""o"": 2, ""p"": 8, ""q"": 6, ""r"": 7, ""s"": 2, ""t"": 6, ""u"": 9, ""v"": 5, ""w"": 0, ""x"": 3, ""y"": 4, ""z"": 9}"
16,random_16,800,197112053607,761,39,30,69,37984916753,77079488.15079856,15193296200380328333,17,1.3395091504674144,12.886908411743073,2.987564347622864,"{""0"": 29843379978, ""1"": 26528102448, ""2"": 64979491982, ""3"": 90520247197, ""4"": 68433229333, ""5"": 82769984773, ""6"": 43277934616, ""7"": 56358169082, ""8"": 20693154127, ""9"": 79317375224}",0.9582630679624635,0.9582630679624635,0.19398732562572124,0.0839159206870568,0.7220967536872219,0.4704620446818559,8.389146013696962,0.16976348319642548,12.778268849599932,0.7563336571807989,218228644018.37247,0.7434733136280806,0.1884222879063983,1.0,1.0,0.20000000000000007,0.25652668637191944,220048699412.38776,"{""a"": 4, ""b"": 8, ""c"": 7, ""d"": 4, ""e"": 9, ""f"": 2, ""g"": 5, ""h"": 7, ""i"": 2, ""j"": 6, ""k"": 0, ""l"": 8, ""m"": 5, ""n"": 6, ""o"": 3, ""p"": 0, ""q"": 1, ""r"": 1, ""s"": 0, ""t"": 5, ""u"": 3, ""v"": 4, ""w"": 9, ""x"": 1, ""y"": 3, ""z"": 2}"
17,random_54,800,197112053607,763,37,30,67,38539370767,148848527.85891044,29339839002648588257,20,1.2168283019069626,13.369648747819715,2.851322726399928,"{""0"": 39630631550, ""1"": 49236014509, ""2"": 99254375558, ""3"": 79184907765, ""4"": 117515980012, ""5"": 60124135738, ""6"": 28785665634, ""7"": 16682465331, ""8"": 57321167347, ""9"": 14985725316}",0.9266255784265893,0.9266255784265893,0.09705760082228915,0.1893605691551715,0.7135818300225394,0.3641968681414431,8.653766998903516,0.17384527827686916,12.088309188375185,0.7453818112916375,218414116761.78607,0.7684733136280806,0.1884222879063983,1.0,0.9,0.4,0.23152668637191948,220426440108.3569,"{""a"": 8, ""b"": 5, ""c"": 8, ""d"": 9, ""e"": 4, ""f"": 0, ""g"": 3, ""h"": 1, ""i"": 5, ""j"": 1, ""k"": 0, ""l"": 5, ""m"": 4, ""n"": 4, ""o"": 3, ""p"": 6, ""q"": 9, ""r"": 2, ""s"": 6, ""t"": 2, ""u"": 0, ""v"": 2, ""w"": 7, ""x"": 7, ""y"": 3, ""z"": 1}"
18,random_5,800,197112053607,762,38,32,70,50078210917,32671468.879908033,6439940325275864503,19,1.3188156620360445,14.261275636251456,3.5578134757969733,"{""0"": 25577222158, ""1"": 119222185635, ""2"": 62137270205, ""3"": 74437097631, ""4"": 58327569297, ""5"": 50932498550, ""6"": 89162877558, ""7"": 65451917888, ""8"": 14343372270, ""9"": 3129057568}",0.9107634688737143,0.9107634688737143,0.05101333737024728,0.237356596935889,0.7116300656938637,0.5330234221561725,8.450602843943859,0.17355888153890883,12.61713577077602,0.685709824425471,219369827520.86154,0.7684733136280806,0.1884222879063983,1.0,0.9,0.4,0.23152668637191948,221252798997.61603,"{""a"": 2, ""b"": 5, ""c"": 4, ""d"": 3, ""e"": 6, ""f"": 4, ""g"": 5, ""h"": 1, ""i"": 5, ""j"": 0, ""k"": 2, ""l"": 2, ""m"": 8, ""n"": 3, ""o"": 7, ""p"": 9, ""q"": 9, ""r"": 6, ""s"": 4, ""t"": 1, ""u"": 0, ""v"": 8, ""w"": 3, ""x"": 7, ""y"": 0, ""z"": 1}"
19,random_56,800,197112053607,767,33,27,60,26795498436,57259056.48367484,11286450211096355200,12,1.2062856745689956,17.171864290859364,3.3824023072647,"{""0"": 60011281728, ""1"": 41628799437, ""2"": 31855291512, ""3"": 35919633056, ""4"": 112379609948, ""5"": 80867217803, ""6"": 76037752205, ""7"": 16043304877, ""8"": 69297009432, ""9"": 38681168762}",0.9484432811494256,0.9484432811494256,0.17538431732701346,0.1971239660768944,0.6274917165960922,0.5107253902747967,8.751416436905874,0.17784691838789626,12.126169274328522,0.776899877844719,219296841110.98367,0.7184733136280805,0.1884222879063983,1.0,0.9,0.20000000000000007,0.28152668637191947,221376287431.91034,"{""a"": 0, ""b"": 0, ""c"": 3, ""d"": 7, ""e"": 4, ""f"": 3, ""g"": 1, ""h"": 4, ""i"": 1, ""j"": 5, ""k"": 7, ""l"": 5, ""m"": 6, ""n"": 8, ""o"": 6, ""p"": 2, ""q"": 4, ""r"": 8, ""s"": 9, ""t"": 5, ""u"": 9, ""v"": 3, ""w"": 2, ""x"": 1, ""y"": 2, ""z"": 0}"
20,random_25,800,197112053607,762,38,30,68,41955705643,231850723.66104978,45700572271098588047,17,1.2345461510749447,17.183101953698678,3.4257453551588375,"{""0"": 114179155253, ""1"": 32327082684, ""2"": 112387053307, ""3"": 43551550117, ""4"": 38572032565, ""5"": 69992230305, ""6"": 70495063975, ""7"": 1689105559, ""8"": 18234397141, ""9"": 61293397854}",0.9036726420482311,0.9036726420482311,0.3118286533924659,0.08985176250183094,0.5983195841057032,0.44652021668197217,8.50393359789099,0.1784026970615371,12.509337028293407,0.6902283138770383,219123280028.24466,0.6934733136280805,0.1884222879063983,1.0,1.0,0.0,0.3065266863719195,221443817729.8396,"{""a"": 9, ""b"": 2, ""c"": 3, ""d"": 8, ""e"": 2, ""f"": 3, ""g"": 7, ""h"": 0, ""i"": 2, ""j"": 4, ""k"": 5, ""l"": 3, ""m"": 9, ""n"": 5, ""o"": 0, ""p"": 1, ""q"": 0, ""r"": 4, ""s"": 5, ""t"": 6, ""u"": 1, ""v"": 8, ""w"": 1, ""x"": 6, ""y"": 4, ""z"": 7}"
21,random_74,800,197112053607,759,41,34,75,47254031793,75506202.0405551,14883182544278871954,21,1.2837981386695543,15.005009273288627,3.235010098815971,"{""0"": 46553451549, ""1"": 69881079632, ""2"": 145682608609, ""3"": 14590871602, ""4"": 63970927239, ""5"": 74892595854, ""6"": 61293397854, ""7"": 42192970306, ""8"": 28677414078, ""9"": 14985752037}",0.9160809830008769,0.9160809830008769,0.10936004888106723,0.1751462654973651,0.7154936856215677,0.6184780450596188,8.747022396891536,0.1744181459759463,11.92622093950685,0.6928721785188173,219760397573.65747,0.6684733136280805,0.1884222879063983,1.0,0.9,0.0,0.3315266863719195,221537243417.1869,"{""a"": 6, ""b"": 4, ""c"": 0, ""d"": 9, ""e"": 2, ""f"": 8, ""g"": 1, ""h"": 5, ""i"": 0, ""j"": 9, ""k"": 3, ""l"": 4, ""m"": 6, ""n"": 4, ""o"": 1, ""p"": 8, ""q"": 0, ""r"": 7, ""s"": 5, ""t"": 2, ""u"": 3, ""v"": 1, ""w"": 7, ""x"": 3, ""y"": 2, ""z"": 5}"
22,random_50,800,197112053607,759,41,34,75,52875247991,118308515.75227766,23320034499127557265,25,1.3385950769914248,15.002355598252382,3.1515762383591692,"{""0"": 87917002689, ""1"": 85508706437, ""2"": 49682239551, ""3"": 68700724496, ""4"": 65184557508, ""5"": 69986513212, ""6"": 17231448330, ""7"": 12569810150, ""8"": 69297009432, ""9"": 36643056955}",0.9484054836766721,0.9484054836766721,0.2213531117974272,0.2751020433802604,0.5035448448223124,0.6504186789280509,8.368021860944296,0.17165738588242385,12.911117392268,0.6542787705267967,220221537885.59912,0.6684733136280805,0.1884222879063983,1.0,0.9,0.0,0.3315266863719195,222719978628.5757,"{""a"": 4, ""b"": 1, ""c"": 2, ""d"": 4, ""e"": 1, ""f"": 9, ""g"": 7, ""h"": 0, ""i"": 2, ""j"": 5, ""k"": 6, ""l"": 7, ""m"": 9, ""n"": 8, ""o"": 3, ""p"": 2, ""q"": 4, ""r"": 8, ""s"": 0, ""t"": 5, ""u"": 0, ""v"": 3, ""w"": 6, ""x"": 3, ""y"": 1, ""z"": 5}"
23,random_10,800,197112053607,764,36,30,66,46170198999,87597156.88116358,17266455482980704774,20,1.258507373494233,15.094649220890354,3.051772843604718,"{""0"": 17472295055, ""1"": 48844560434, ""2"": 90600064175, ""3"": 64710086927, ""4"": 75262648389, ""5"": 16674838518, ""6"": 10880742747, ""7"": 93476605304, ""8"": 83010758543, ""9"": 61788468668}",0.9274099451970603,0.9274099451970603,0.14085266773049268,0.234317366626335,0.6248299656431723,0.41830421576448124,8.836070956247289,0.1746729528247943,11.820794367951603,0.6903631397007953,220506571140.6021,0.7184733136280805,0.1884222879063983,1.0,0.9,0.20000000000000007,0.28152668637191947,222726433287.43686,"{""a"": 7, ""b"": 4, ""c"": 1, ""d"": 5, ""e"": 3, ""f"": 1, ""g"": 5, ""h"": 9, ""i"": 4, ""j"": 5, ""k"": 3, ""l"": 6, ""m"": 0, ""n"": 7, ""o"": 2, ""p"": 0, ""q"": 2, ""r"": 4, ""s"": 2, ""t"": 8, ""u"": 8, ""v"": 0, ""w"": 1, ""x"": 3, ""y"": 9, ""z"": 6}"
24,random_9,800,197112053607,756,44,37,81,68515472911,512827893.1459906,101084559164957366200,24,1.4060070569076448,13.803059704596262,3.31846861077384,"{""0"": 51887937751, ""1"": 4186771912, ""2"": 21465707425, ""3"": 39607092396, ""4"": 59048425889, ""5"": 91153657684, ""6"": 109417314241, ""7"": 26057222638, ""8"": 69297009432, ""9"": 90599929392}",0.9171101881345057,0.9171101881345057,0.2532122485781156,0.13058651154812326,0.6162012398737612,0.45182499415631416,8.28892361051636,0.17043661051833878,12.954392183296289,0.5701110601133184,220744573031.23276,0.7934733136280805,0.1884222879063983,1.0,1.0,0.4,0.20652668637191948,222977212881.23975,"{""a"": 0, ""b"": 4, ""c"": 2, ""d"": 5, ""e"": 5, ""f"": 7, ""g"": 0, ""h"": 4, ""i"": 6, ""j"": 4, ""k"": 1, ""l"": 3, ""m"": 2, ""n"": 8, ""o"": 9, ""p"": 1, ""q"": 1, ""r"": 8, ""s"": 9, ""t"": 6, ""u"": 5, ""v"": 2, ""w"": 3, ""x"": 7, ""y"": 3, ""z"": 0}"
25,random_26,800,197112053607,751,49,42,91,40773996294,21273803.064333063,4193323010041579691,18,1.2741755029641717,15.759439625790007,3.770201112047105,"{""0"": 41821723814, ""1"": 105948013396, ""2"": 106029240045, ""3"": 11603431790, ""4"": 2746962329, ""5"": 113455346518, ""6"": 35469173307, ""7"": 19302656771, ""8"": 56358169082, ""9"": 69986351708}",0.8818679989559073,0.8818679989559073,0.19869182394108303,0.2884309678250619,0.5128772082338551,0.3123113174690629,8.27782172264947,0.17723166593059975,13.42825841123499,0.6941472523177089,220879306537.53458,0.7934733136280805,0.1884222879063983,1.0,1.0,0.4,0.20652668637191948,223796137831.92047,"{""a"": 2, ""b"": 6, ""c"": 8, ""d"": 1, ""e"": 5, ""f"": 0, ""g"": 4, ""h"": 8, ""i"": 5, ""j"": 4, ""k"": 4, ""l"": 5, ""m"": 3, ""n"": 2, ""o"": 1, ""p"": 7, ""q"": 3, ""r"": 1, ""s"": 6, ""t"": 9, ""u"": 0, ""v"": 0, ""w"": 7, ""x"": 3, ""y"": 2, ""z"": 9}"
26,random_70,800,197112053607,760,40,33,73,40142753254,113004625.07896398,22274573716403685188,20,1.2725650612525101,16.903036955623694,3.569907899310784,"{""0"": 53956370145, ""1"": 81081033075, ""2"": 29198178977, ""3"": 14241882726, ""4"": 54334156927, ""5"": 113437189509, ""6"": 18003058824, ""7"": 69297009432, ""8"": 49243412069, ""9"": 79928777076}",0.9369972826133639,0.9369972826133639,0.23792453251488596,0.2315968823260521,0.5304785851590619,0.5507502304414874,8.43295315616956,0.1764820067814366,13.140099262742496,0.6940679385633549,221610312820.35403,0.6684733136280805,0.1884222879063983,1.0,0.9,0.0,0.3315266863719195,224096745643.80383,"{""a"": 0, ""b"": 8, ""c"": 6, ""d"": 9, ""e"": 5, ""f"": 4, ""g"": 3, ""h"": 5, ""i"": 8, ""j"": 3, ""k"": 5, ""l"": 6, ""m"": 1, ""n"": 7, ""o"": 9, ""p"": 4, ""q"": 1, ""r"": 7, ""s"": 4, ""t"": 1, ""u"": 2, ""v"": 0, ""w"": 2, ""x"": 0, ""y"": 3, ""z"": 2}"
27,random_39,800,197112053607,761,39,30,69,42944747223,24305652.69039618,4790937116062495100,21,1.2722593046440371,14.607438399869363,3.528967665061642,"{""0"": 74317823767, ""1"": 1689240342, ""2"": 92291800343, ""3"": 85665048889, ""4"": 22365226703, ""5"": 56816067368, ""6"": 46526579720, ""7"": 7631066500, ""8"": 109417314241, ""9"": 66000900887}",0.8954154834019158,0.8954154834019158,0.24935751021941174,0.1974451655557024,0.5531973242248859,0.495333682565825,8.576696407632825,0.17641792721598978,12.7730850267829,0.7076515230930882,221726907683.91104,0.6934733136280805,0.1884222879063983,1.0,1.0,0.0,0.3065266863719195,224237966160.67554,"{""a"": 0, ""b"": 4, ""c"": 7, ""d"": 5, ""e"": 2, ""f"": 3, ""g"": 1, ""h"": 3, ""i"": 8, ""j"": 4, ""k"": 9, ""l"": 3, ""m"": 0, ""n"": 6, ""o"": 9, ""p"": 2, ""q"": 1, ""r"": 2, ""s"": 5, ""t"": 8, ""u"": 0, ""v"": 6, ""w"": 5, ""x"": 7, ""y"": 4, ""z"": 1}"
28,random_14,800,197112053607,747,53,44,97,66126488784,276431898.32686824,54488059161690422131,27,1.4165075994981386,16.703664773578687,3.421978714197954,"{""0"": 77245850373, ""1"": 54385469321, ""2"": 36866888113, ""3"": 36027884612, ""4"": 39790212515, ""5"": 104882899499, ""6"": 26019397824, ""7"": 133129973868, ""8"": 54372338774, ""9"": 153861}",0.8956732001682636,0.8956732001682636,0.13727228021552068,0.1932712566363587,0.6694564631481207,0.611344033003301,8.754124502675444,0.17225894589469698,12.15132995679946,0.6001425776673001,222925452207.29694,0.7934733136280805,0.1884222879063983,1.0,1.0,0.4,0.20652668637191948,224885672621.45935,"{""a"": 1, ""b"": 2, ""c"": 3, ""d"": 0, ""e"": 7, ""f"": 4, ""g"": 4, ""h"": 0, ""i"": 5, ""j"": 6, ""k"": 1, ""l"": 2, ""m"": 8, ""n"": 8, ""o"": 5, ""p"": 1, ""q"": 9, ""r"": 6, ""s"": 3, ""t"": 7, ""u"": 0, ""v"": 3, ""w"": 2, ""x"": 5, ""y"": 4, ""z"": 9}"
29,random_42,800,197112053607,764,36,29,65,48903289353,39375988.030968085,7761481863588772119,17,1.279792631169875,13.71204555320008,3.0058106522865597,"{""0"": 54372357852, ""1"": 98504562989, ""2"": 97063283294, ""3"": 80437508421, ""4"": 74812894581, ""5"": 68216647245, ""6"": 18003058824, ""7"": 3248968112, ""8"": 50198966975, ""9"": 17862820467}",0.9125083776539378,0.9125083776539378,0.1283676448763077,0.2642579747221477,0.6073743804015447,0.30287424890948117,8.59761229092712,0.17250904896920985,12.88189607292401,0.6767088498451068,223275142655.70447,0.7684733136280806,0.1884222879063983,1.0,0.9,0.4,0.23152668637191948,225689751371.22433,"{""a"": 8, ""b"": 1, ""c"": 6, ""d"": 3, ""e"": 1, ""f"": 1, ""g"": 9, ""h"": 4, ""i"": 5, ""j"": 7, ""k"": 2, ""l"": 6, ""m"": 0, ""n"": 0, ""o"": 3, ""p"": 5, ""q"": 8, ""r"": 2, ""s"": 5, ""t"": 2, ""u"": 4, ""v"": 7, ""w"": 9, ""x"": 3, ""y"": 4, ""z"": 0}"
30,random_76,800,197112053607,766,34,28,62,49760550813,27844140.26843224,5488415669232042915,19,1.31675757432108,15.950139232735125,3.0652118690500187,"{""0"": 76037886988, ""1"": 95534985427, ""2"": 37822446904, ""3"": 53041330696, ""4"": 77907154993, ""5"": 27563189000, ""6"": 56358169082, ""7"": 106421414350, ""8"": 28905549457, ""9"": 3128941863}",0.9223847703385681,0.9223847703385681,0.14068573800773146,0.2211407068127278,0.6381735551795408,0.49818172946796235,8.628183820976435,0.1724455576973175,13.096719269609004,0.6737360919275809,225092623813.48392,0.7184733136280805,0.1884222879063983,1.0,0.9,0.20000000000000007,0.28152668637191947,227204214346.82397,"{""a"": 4, ""b"": 2, ""c"": 6, ""d"": 2, ""e"": 7, ""f"": 1, ""g"": 4, ""h"": 6, ""i"": 3, ""j"": 1, ""k"": 3, ""l"": 5, ""m"": 0, ""n"": 7, ""o"": 0, ""p"": 9, ""q"": 0, ""r"": 4, ""s"": 8, ""t"": 1, ""u"": 2, ""v"": 8, ""w"": 5, ""x"": 5, ""y"": 3, ""z"": 9}"
31,random_60,800,197112053607,738,62,50,112,81628449605,589056853.5591298,116110206096317945607,30,1.641140842659822,16.32432007913863,4.066430546475393,"{""0"": 49561892431, ""1"": 76256054830, ""2"": 83596681715, ""3"": 104374187232, ""4"": 70986095913, ""5"": 89223797433, ""6"": 13061237066, ""7"": 56358169082, ""8"": 19302656771, ""9"": 296287}",0.8978022189656455,0.8978022189656455,0.08807594289514371,0.1698154146095349,0.7421086424953214,0.3774342628948921,8.357541843888812,0.16971968240884727,13.27902734270456,0.46421494487818826,225253968406.50702,0.7434733136280806,0.1884222879063983,1.0,1.0,0.20000000000000007,0.25652668637191944,227225715139.668,"{""a"": 1, ""b"": 6, ""c"": 7, ""d"": 5, ""e"": 5, ""f"": 1, ""g"": 4, ""h"": 7, ""i"": 3, ""j"": 9, ""k"": 2, ""l"": 0, ""m"": 5, ""n"": 4, ""o"": 3, ""p"": 8, ""q"": 9, ""r"": 4, ""s"": 0, ""t"": 2, ""u"": 0, ""v"": 6, ""w"": 8, ""x"": 1, ""y"": 2, ""z"": 3}"
32,random_64,800,197112053607,758,42,36,78,39653384555,64696405.0374644,12752441257924867464,22,1.2685081513204854,16.6713309211969,3.3667783315430517,"{""0"": 96725411912, ""1"": 98712701357, ""2"": 54925303489, ""3"": 24119010653, ""4"": 35831801561, ""5"": 81906660375, ""6"": 66272564023, ""7"": 90599929392, ""8"": 11938438013, ""9"": 1689247985}",0.8994854618874019,0.8994854618874019,0.174890661396177,0.1966358565778041,0.6284734820260189,0.5396300466016589,9.174547296613312,0.17681005235016212,11.958814936654328,0.7387019613793374,225932905662.04153,0.7684733136280806,0.1884222879063983,1.0,0.9,0.4,0.23152668637191948,228077463698.07904,"{""a"": 0, ""b"": 4, ""c"": 5, ""d"": 2, ""e"": 6, ""f"": 5, ""g"": 9, ""h"": 5, ""i"": 2, ""j"": 9, ""k"": 8, ""l"": 8, ""m"": 3, ""n"": 0, ""o"": 7, ""p"": 6, ""q"": 4, ""r"": 4, ""s"": 7, ""t"": 1, ""u"": 3, ""v"": 0, ""w"": 1, ""x"": 2, ""y"": 1, ""z"": 3}"
33,random_40,800,197112053607,753,47,40,87,34307963866,25647729.752948683,5055476681961069342,22,1.2320342669565478,15.324462291228084,3.494462650073769,"{""0"": 5995607433, ""1"": 56866900427, ""2"": 151103253159, ""3"": 53090365074, ""4"": 62556702838, ""5"": 62751601716, ""6"": 74238206900, ""7"": 40534081826, ""8"": 13024444991, ""9"": 42559904396}",0.9049745462964458,0.9049745462964458,0.08628699816766391,0.12420246779103378,0.7895105340413023,0.6659468427798755,9.045496977465172,0.17910054562758562,12.522459851817722,0.7504699841235215,226846979535.66718,0.7184733136280805,0.1884222879063983,1.0,0.9,0.20000000000000007,0.28152668637191947,228380089948.75983,"{""a"": 5, ""b"": 3, ""c"": 1, ""d"": 7, ""e"": 6, ""f"": 7, ""g"": 0, ""h"": 1, ""i"": 9, ""j"": 3, ""k"": 0, ""l"": 4, ""m"": 6, ""n"": 3, ""o"": 2, ""p"": 9, ""q"": 5, ""r"": 4, ""s"": 4, ""t"": 2, ""u"": 8, ""v"": 0, ""w"": 2, ""x"": 1, ""y"": 5, ""z"": 8}"
34,random_47,800,197112053607,764,36,30,66,27661554409,18362137.862432025,3619398702678825619,16,1.1894150552428424,15.174615410661916,3.635100303275184,"{""0"": 90732914018, ""1"": 29148293888, ""2"": 65509066448, ""3"": 133130135372, ""4"": 106773663378, ""5"": 44335506534, ""6"": 39939712956, ""7"": 20693154127, ""8"": 23647200403, ""9"": 8811421636}",0.8955346241218839,0.8955346241218839,0.1768981848739976,0.0938217835122808,0.7292800316137216,0.3521648762548122,9.107321386142873,0.1791849938977647,12.438364958772523,0.7915681569432902,226666485964.01526,0.8184733136280805,0.1884222879063983,1.0,0.9,0.5999999999999999,0.18152668637191952,228705537010.94733,"{""a"": 0, ""b"": 7, ""c"": 9, ""d"": 0, ""e"": 3, ""f"": 0, ""g"": 9, ""h"": 2, ""i"": 6, ""j"": 3, ""k"": 5, ""l"": 7, ""m"": 8, ""n"": 5, ""o"": 4, ""p"": 1, ""q"": 1, ""r"": 1, ""s"": 4, ""t"": 3, ""u"": 2, ""v"": 2, ""w"": 4, ""x"": 6, ""y"": 8, ""z"": 5}"
35,random_28,800,197112053607,769,31,24,55,43930855004,98012230.38981675,19319392010739194393,18,1.317737747083042,14.609869122563547,3.0651840990080563,"{""0"": 76774059201, ""1"": 120185326326, ""2"": 69263937556, ""3"": 26714476271, ""4"": 18003193607, ""5"": 78474643844, ""6"": 11603297007, ""7"": 88692132531, ""8"": 6377729393, ""9"": 66632273024}",0.8961770584557971,0.8961770584557971,0.2548444339235549,0.22491259479210832,0.5202429712843368,0.44888769120838057,8.929418680695361,0.17259834482570072,12.770029135547547,0.6972893798115194,227443078960.24368,0.7434733136280806,0.1884222879063983,1.0,1.0,0.20000000000000007,0.25652668637191944,230160804109.05612,"{""a"": 1, ""b"": 2, ""c"": 4, ""d"": 0, ""e"": 7, ""f"": 7, ""g"": 9, ""h"": 0, ""i"": 5, ""j"": 1, ""k"": 3, ""l"": 4, ""m"": 6, ""n"": 2, ""o"": 9, ""p"": 8, ""q"": 4, ""r"": 5, ""s"": 3, ""t"": 1, ""u"": 5, ""v"": 8, ""w"": 2, ""x"": 6, ""y"": 0, ""z"": 3}"
36,random_46,800,197112053607,766,34,28,62,36869885420,87828967.09549448,17312148070374548121,16,1.2543688006770348,14.8348309613378,3.425012142519857,"{""0"": 100412359850, ""1"": 50707582615, ""2"": 27538360057, ""3"": 51982634752, ""4"": 102574784353, ""5"": 57621145382, ""6"": 33141571475, ""7"": 23905149582, ""8"": 73115255415, ""9"": 41722225279}",0.9531775511342523,0.9531775511342523,0.25258443840072436,0.22004301047915859,0.527372551120117,0.6823661056021771,8.922748833418073,0.17789700552876103,13.051385793794196,0.7180750622902214,228441428531.0519,0.8434733136280805,0.1884222879063983,1.0,1.0,0.5999999999999999,0.15652668637191952,230781558636.43976,"{""a"": 1, ""b"": 0, ""c"": 6, ""d"": 2, ""e"": 4, ""f"": 9, ""g"": 3, ""h"": 3, ""i"": 4, ""j"": 4, ""k"": 3, ""l"": 7, ""m"": 5, ""n"": 5, ""o"": 0, ""p"": 8, ""q"": 2, ""r"": 6, ""s"": 0, ""t"": 8, ""u"": 7, ""v"": 5, ""w"": 9, ""x"": 1, ""y"": 2, ""z"": 1}"
37,random_37,800,197112053607,758,42,34,76,47748714087,313160802.6037903,61727768910449457785,24,1.3297714071388052,16.487108135595978,3.333784669329139,"{""0"": 146024084835, ""1"": 17231583113, ""2"": 40534100904, ""3"": 78503876855, ""4"": 25493987984, ""5"": 68934677465, ""6"": 51887918673, ""7"": 52455407524, ""8"": 11389455014, ""9"": 70265976393}",0.9112337570481394,0.9112337570481394,0.384364604838081,0.050861856283555724,0.5647735388783632,0.4539523534985736,9.188690988490151,0.1757469358807911,12.166040267148015,0.6669211023649523,228397708508.00085,0.6934733136280805,0.1884222879063983,1.0,1.0,0.0,0.3065266863719195,230861325768.41968,"{""a"": 6, ""b"": 4, ""c"": 9, ""d"": 2, ""e"": 9, ""f"": 2, ""g"": 6, ""h"": 3, ""i"": 7, ""j"": 5, ""k"": 1, ""l"": 8, ""m"": 0, ""n"": 5, ""o"": 0, ""p"": 4, ""q"": 1, ""r"": 3, ""s"": 5, ""t"": 0, ""u"": 7, ""v"": 3, ""w"": 1, ""x"": 8, ""y"": 4, ""z"": 2}"
38,random_27,800,197112053607,758,42,34,76,33608083752,91300267.39918189,17996383201920973490,21,1.2314933782079958,15.399409643425297,2.9726847478554768,"{""0"": 41722244357, ""1"": 68072270832, ""2"": 66901179191, ""3"": 81849644173, ""4"": 87917002689, ""5"": 59010253828, ""6"": 16043304877, ""7"": 81080898292, ""8"": 39431116394, ""9"": 20693154127}",0.954072485587894,0.954072485587894,0.11091711675473112,0.1910420511940172,0.6980408320512517,0.4992839907943997,9.297210321157966,0.17670205172857167,12.234359576969876,0.7474297256054157,229130332779.97974,0.7184733136280805,0.1884222879063983,1.0,0.9,0.20000000000000007,0.28152668637191947,231001368233.76175,"{""a"": 5, ""b"": 9, ""c"": 5, ""d"": 6, ""e"": 2, ""f"": 0, ""g"": 5, ""h"": 4, ""i"": 8, ""j"": 1, ""k"": 6, ""l"": 9, ""m"": 7, ""n"": 3, ""o"": 1, ""p"": 1, ""q"": 8, ""r"": 3, ""s"": 4, ""t"": 7, ""u"": 4, ""v"": 2, ""w"": 0, ""x"": 2, ""y"": 3, ""z"": 0}"
39,random_1,800,197112053607,747,53,43,96,71272515639,146801456.96326762,28936336654529314017,28,1.4606517430589818,18.676738787324282,3.5781970465044792,"{""0"": 14129665060, ""1"": 85987142438, ""2"": 49243573573, ""3"": 115142037813, ""4"": 85480654508, ""5"": 57991285506, ""6"": 32670826448, ""7"": 27076950664, ""8"": 15681557526, ""9"": 79317375224}",0.9228972804061747,0.9228972804061747,0.16606280708472118,0.18067334885476202,0.6532638440605169,0.539103857615538,8.927191365945225,0.17090284047530316,12.67551405941149,0.5888366294352186,229091918054.22168,0.7434733136280806,0.1884222879063983,1.0,1.0,0.20000000000000007,0.25652668637191944,231117549977.39407,"{""a"": 3, ""b"": 2, ""c"": 6, ""d"": 4, ""e"": 9, ""f"": 6, ""g"": 5, ""h"": 1, ""i"": 2, ""j"": 2, ""k"": 7, ""l"": 0, ""m"": 1, ""n"": 5, ""o"": 3, ""p"": 8, ""q"": 0, ""r"": 7, ""s"": 1, ""t"": 4, ""u"": 5, ""v"": 0, ""w"": 9, ""x"": 4, ""y"": 8, ""z"": 3}"
40,random_62,800,197112053607,753,47,40,87,38471766050,36059353.52949374,7107733225939334700,17,1.2655225198827786,17.153700880136963,2.9769034110411283,"{""0"": 79317536728, ""1"": 64979491982, ""2"": 59079214461, ""3"": 17183408359, ""4"": 25965779156, ""5"": 68201891016, ""6"": 1057849127, ""7"": 114179020470, ""8"": 51675979169, ""9"": 81080898292}",0.9120981378650146,0.9120981378650146,0.28504074918227346,0.207306030691297,0.5076532201264295,0.5018054921463678,9.250249050060223,0.17435525824856535,12.188029638810905,0.732492868000197,228487007111.663,0.7184733136280805,0.1884222879063983,1.0,0.9,0.20000000000000007,0.28152668637191947,231183236004.44766,"{""a"": 5, ""b"": 4, ""c"": 5, ""d"": 3, ""e"": 0, ""f"": 1, ""g"": 3, ""h"": 7, ""i"": 1, ""j"": 0, ""k"": 6, ""l"": 5, ""m"": 9, ""n"": 2, ""o"": 7, ""p"": 4, ""q"": 6, ""r"": 8, ""s"": 8, ""t"": 9, ""u"": 4, ""v"": 2, ""w"": 0, ""x"": 3, ""y"": 2, ""z"": 1}"
41,random_41,800,197112053607,764,36,29,65,25451381461,38882112.81964688,7664133106459657778,16,1.161735879570116,15.276214788429694,3.43015584751124,"{""0"": 29328962803, ""1"": 59431121810, ""2"": 90929350987, ""3"": 14241882726, ""4"": 102574757632, ""5"": 96005588028, ""6"": 11389455014, ""7"": 32670826448, ""8"": 50293548271, ""9"": 75855575041}",0.9211869606628005,0.9211869606628005,0.18692127180484353,0.19498944712126545,0.618089281073891,0.5045071982970945,9.184129123621691,0.18101282113539094,12.727860419820136,0.7773862443669366,229579530692.61948,0.6934733136280805,0.1884222879063983,1.0,1.0,0.0,0.3065266863719195,231746630910.1676,"{""a"": 9, ""b"": 2, ""c"": 7, ""d"": 0, ""e"": 4, ""f"": 7, ""g"": 3, ""h"": 8, ""i"": 4, ""j"": 3, ""k"": 8, ""l"": 6, ""m"": 0, ""n"": 1, ""o"": 2, ""p"": 1, ""q"": 4, ""r"": 5, ""s"": 9, ""t"": 5, ""u"": 1, ""v"": 0, ""w"": 2, ""x"": 6, ""y"": 3, ""z"": 5}"
42,random_68,800,197112053607,756,44,35,79,39631242199,17219711.744840033,3394212744545996194,21,1.2670902852088715,17.041923965027912,4.238307405191236,"{""0"": 22107944766, ""1"": 60105978729, ""2"": 154106064101, ""3"": 120185299605, ""4"": 28825867262, ""5"": 14732219792, ""6"": 43277934616, ""7"": 36429214962, ""8"": 17862820467, ""9"": 65087724460}",0.8822987403238892,0.8822987403238892,0.15495362456952694,0.13855674422820238,0.7064896312022707,0.4005327286793475,9.364626627167167,0.1798443472830633,12.168324582580585,0.7316919199500347,230192284214.77588,0.7934733136280805,0.1884222879063983,1.0,1.0,0.4,0.20652668637191948,232277139289.88977,"{""a"": 3, ""b"": 1, ""c"": 0, ""d"": 0, ""e"": 2, ""f"": 7, ""g"": 8, ""h"": 1, ""i"": 9, ""j"": 6, ""k"": 1, ""l"": 7, ""m"": 5, ""n"": 6, ""o"": 2, ""p"": 5, ""q"": 3, ""r"": 2, ""s"": 9, ""t"": 3, ""u"": 4, ""v"": 4, ""w"": 8, ""x"": 5, ""y"": 4, ""z"": 0}"
43,random_6,800,197112053607,761,39,30,69,31020093472,18898399.679051004,3725102370623613359,18,1.2377892357432954,16.026318431633527,3.8773065218110987,"{""0"": 44335506534, ""1"": 102683472727, ""2"": 28677575582, ""3"": 36457784323, ""4"": 128231365698, ""5"": 96102511062, ""6"": 27708322801, ""7"": 11603297007, ""8"": 7122469938, ""9"": 79798763088}",0.8855555682298955,0.8855555682298955,0.2205964491351632,0.19513387495329793,0.5842696759115389,0.5281216738903372,9.057027444795713,0.18177834515589597,13.07432040808731,0.7434739390275201,230160795300.62485,0.6934733136280805,0.1884222879063983,1.0,1.0,0.0,0.3065266863719195,232505855940.86682,"{""a"": 1, ""b"": 9, ""c"": 8, ""d"": 5, ""e"": 4, ""f"": 2, ""g"": 6, ""h"": 1, ""i"": 4, ""j"": 2, ""k"": 0, ""l"": 3, ""m"": 7, ""n"": 0, ""o"": 5, ""p"": 2, ""q"": 8, ""r"": 6, ""s"": 4, ""t"": 9, ""u"": 3, ""v"": 1, ""w"": 5, ""x"": 7, ""y"": 3, ""z"": 0}"
44,random_23,800,197112053607,757,43,36,79,66584227467,290945512.9679126,57348867548847306222,25,1.3636743374858447,16.97092767807886,3.273176663170272,"{""0"": 87336959961, ""1"": 104882899499, ""2"": 83995979084, ""3"": 24155802728, ""4"": 8180068577, ""5"": 29198321403, ""6"": 44966859593, ""7"": 41004826853, ""8"": 50198966975, ""9"": 88800384087}",0.9276875348229063,0.9276875348229063,0.3130100396562945,0.27559278492226186,0.4113971754214437,0.42979948427759823,8.847429230280268,0.17307090448588414,13.07360354748739,0.5766683471353338,230054252623.10327,0.6934733136280805,0.1884222879063983,1.0,1.0,0.0,0.3065266863719195,233265049861.91177,"{""a"": 8, ""b"": 3, ""c"": 4, ""d"": 7, ""e"": 9, ""f"": 0, ""g"": 6, ""h"": 0, ""i"": 1, ""j"": 5, ""k"": 4, ""l"": 2, ""m"": 3, ""n"": 6, ""o"": 1, ""p"": 2, ""q"": 8, ""r"": 7, ""s"": 9, ""t"": 2, ""u"": 5, ""v"": 3, ""w"": 5, ""x"": 1, ""y"": 0, ""z"": 4}"
45,random_45,800,197112053607,759,41,32,73,36365624274,71295437.32742165,14053190064417243830,17,1.2603855362916137,13.978873514309264,3.037339491372123,"{""0"": 78112150373, ""1"": 64917391453, ""2"": 82946245367, ""3"": 96592538267, ""4"": 22596082601, ""5"": 41513558198, ""6"": 43277907895, ""7"": 66372566178, ""8"": 66392447846, ""9"": 180582}",0.9254513430262922,0.9254513430262922,0.13881181155545969,0.23334800594609248,0.6278401824984479,0.3941221716748404,9.509538414022572,0.1760533544566042,12.212473621123658,0.7173883442254304,232725959001.48688,0.6934733136280805,0.1884222879063983,1.0,1.0,0.0,0.3065266863719195,234964614400.74487,"{""a"": 7, ""b"": 4, ""c"": 2, ""d"": 5, ""e"": 8, ""f"": 3, ""g"": 4, ""h"": 1, ""i"": 0, ""j"": 9, ""k"": 3, ""l"": 2, ""m"": 4, ""n"": 6, ""o"": 2, ""p"": 1, ""q"": 6, ""r"": 5, ""s"": 0, ""t"": 3, ""u"": 0, ""v"": 8, ""w"": 7, ""x"": 5, ""y"": 1, ""z"": 9}"
46,random_35,800,197112053607,754,46,35,81,57801212773,265291630.16626903,52292178026822039221,20,1.4621351446452844,16.01200601481591,3.5164737085687015,"{""0"": 57321302130, ""1"": 83920106494, ""2"": 68072270832, ""3"": 109926045586, ""4"": 35831685856, ""5"": 137927966458, ""6"": 23433358410, ""7"": 14713512394, ""8"": 17231448330, ""9"": 14343372270}",0.8854804500333872,0.8854804500333872,0.127353814133739,0.17975434089733905,0.692891844968922,0.4791347310068172,9.210816075166097,0.17232800417844046,12.740628476410008,0.622314179997178,233018449614.16913,0.7684733136280806,0.1884222879063983,1.0,0.9,0.4,0.23152668637191948,235059770458.98734,"{""a"": 0, ""b"": 4, ""c"": 0, ""d"": 1, ""e"": 5, ""f"": 5, ""g"": 7, ""h"": 5, ""i"": 3, ""j"": 2, ""k"": 8, ""l"": 6, ""m"": 9, ""n"": 1, ""o"": 2, ""p"": 2, ""q"": 0, ""r"": 4, ""s"": 1, ""t"": 3, ""u"": 7, ""v"": 9, ""w"": 8, ""x"": 3, ""y"": 6, ""z"": 4}"
47,random_15,800,197112053607,743,57,42,99,58811310107,223283149.930872,44011800218713858832,29,1.489666580484413,19.325771887547923,4.2203919643677095,"{""0"": 198073160411, ""1"": 40534100904, ""2"": 13061398570, ""3"": 51369419624, ""4"": 105538032952, ""5"": 34468164485, ""6"": 62751466933, ""7"": 508866128, ""8"": 19302656771, ""9"": 37113801982}",0.8224722712703962,0.8224722712703962,0.4179458979761552,0.10633466738122137,0.4757194346426234,0.3820207185579131,9.040490690871113,0.17389123681487614,13.057171356098133,0.6277290068201384,232193612433.34167,0.7434733136280806,0.1884222879063983,1.0,1.0,0.20000000000000007,0.25652668637191944,235341923176.8024,"{""a"": 6, ""b"": 2, ""c"": 5, ""d"": 1, ""e"": 0, ""f"": 1, ""g"": 5, ""h"": 4, ""i"": 3, ""j"": 2, ""k"": 3, ""l"": 3, ""m"": 9, ""n"": 4, ""o"": 0, ""p"": 8, ""q"": 7, ""r"": 9, ""s"": 5, ""t"": 0, ""u"": 4, ""v"": 2, ""w"": 8, ""x"": 7, ""y"": 6, ""z"": 1}"
48,random_13,800,197112053607,758,42,35,77,73030983991,524467817.15333027,103378928489873504598,26,1.5110808263093578,17.198771768692122,3.4813476510379706,"{""0"": 67470231068, ""1"": 27077085447, ""2"": 107503090939, ""3"": 41830638339, ""4"": 50707582615, ""5"": 123076536200, ""6"": 70265976393, ""7"": 23905149582, ""8"": 23647200403, ""9"": 27237577774}",0.9262667601423801,0.9262667601423801,0.16830329287420512,0.09014108172948801,0.7415556253963068,0.7030524611720337,9.53555625429274,0.17189306336641816,12.340264045108697,0.5461541264170408,237176043099.10202,0.8434733136280805,0.1884222879063983,1.0,1.0,0.5999999999999999,0.15652668637191952,238772401526.86963,"{""a"": 4, ""b"": 5, ""c"": 6, ""d"": 0, ""e"": 6, ""f"": 9, ""g"": 9, ""h"": 0, ""i"": 2, ""j"": 3, ""k"": 1, ""l"": 7, ""m"": 8, ""n"": 5, ""o"": 2, ""p"": 2, ""q"": 1, ""r"": 1, ""s"": 3, ""t"": 5, ""u"": 7, ""v"": 0, ""w"": 3, ""x"": 4, ""y"": 8, ""z"": 4}"
49,random_20,800,197112053607,751,49,41,90,84358811926,290147668.32489985,57191602752803720200,31,1.4586423776815114,15.256747820033887,3.6408442271107977,"{""0"": 113264267246, ""1"": 100304108294, ""2"": 56662429941, ""3"": 4937912167, ""4"": 53194968123, ""5"": 29097624486, ""6"": 49744565272, ""7"": 89162877558, ""8"": 13024560696, ""9"": 53327754977}",0.9101797607321581,0.9101797607321581,0.2960472452010702,0.20139403921685145,0.5025587155820783,0.45072921479257955,9.148426476872912,0.17283244140639237,13.050569145177056,0.49367813100367525,236209281286.6734,0.7184733136280805,0.1884222879063983,1.0,0.9,0.20000000000000007,0.28152668637191947,238984734987.9408,"{""a"": 9, ""b"": 1, ""c"": 5, ""d"": 4, ""e"": 7, ""f"": 1, ""g"": 3, ""h"": 6, ""i"": 2, ""j"": 0, ""k"": 2, ""l"": 5, ""m"": 5, ""n"": 0, ""o"": 1, ""p"": 9, ""q"": 8, ""r"": 7, ""s"": 4, ""t"": 0, ""u"": 8, ""v"": 3, ""w"": 2, ""x"": 6, ""y"": 4, ""z"": 3}"
50,random_78,800,197112053607,756,44,37,81,52162568558,100168381.01626295,19744395288604023044,21,1.337494225216867,15.944145626446819,3.4789775750915677,"{""0"": 66632434528, ""1"": 76330941600, ""2"": 38489844536, ""3"": 119222301340, ""4"": 117515980012, ""5"": 70345593260, ""6"": 26165474194, ""7"": 16173753064, ""8"": 27538225274, ""9"": 4306520952}",0.8914007585727961,0.8914007585727961,0.126064154015629,0.1845837531956709,0.6893520927887001,0.37680367675930815,9.39544737463963,0.17563625464336452,13.01817655104514,0.6581781421123236,236955582802.33572,0.7434733136280806,0.1884222879063983,1.0,1.0,0.20000000000000007,0.25652668637191944,239096553343.98706,"{""a"": 5, ""b"": 2, ""c"": 5, ""d"": 8, ""e"": 4, ""f"": 2, ""g"": 0, ""h"": 3, ""i"": 1, ""j"": 0, ""k"": 9, ""l"": 1, ""m"": 4, ""n"": 4, ""o"": 0, ""p"": 2, ""q"": 3, ""r"": 1, ""s"": 6, ""t"": 3, ""u"": 5, ""v"": 9, ""w"": 7, ""x"": 6, ""y"": 8, ""z"": 7}"
51,random_49,800,197112053607,740,60,49,109,52166911833,64021932.9445627,12619494678592403531,31,1.35664272999337,16.715726564506706,3.9024973235512093,"{""0"": 116471396215, ""1"": 99547539207, ""2"": 62770544831, ""3"": 92351397829, ""4"": 79928911859, ""5"": 26057384142, ""6"": 44966859593, ""7"": 14082140257, ""8"": 16173753064, ""9"": 10371141763}",0.8959536290243763,0.8959536290243763,0.2254092569476872,0.2056459206796734,0.5689448223726394,0.3942169064969167,9.35079613599636,0.17669149481022045,13.141982102549644,0.6719582038857936,236861412533.1658,0.7934733136280805,0.1884222879063983,1.0,1.0,0.4,0.20652668637191948,239393466394.49088,"{""a"": 0, ""b"": 3, ""c"": 9, ""d"": 4, ""e"": 0, ""f"": 5, ""g"": 6, ""h"": 1, ""i"": 1, ""j"": 5, ""k"": 7, ""l"": 1, ""m"": 2, ""n"": 6, ""o"": 4, ""p"": 0, ""q"": 4, ""r"": 2, ""s"": 2, ""t"": 3, ""u"": 7, ""v"": 9, ""w"": 8, ""x"": 5, ""y"": 3, ""z"": 8}"
52,random_4,800,197112053607,757,43,34,77,38776637466,41098957.998451,8101100012182515244,18,1.2354506119830302,19.431095651640973,3.345235569437461,"{""0"": 83217486068, ""1"": 91961621961, ""2"": 11308972284, ""3"": 76168228655, ""4"": 4937912167, ""5"": 106773663378, ""6"": 22365065199, ""7"": 99434666119, ""8"": 26019371103, ""9"": 40534081826}",0.8907004894221728,0.8907004894221728,0.21991635779107452,0.20966158833181842,0.5704220538771071,0.6222241699860702,9.980879060618266,0.17870384879038415,11.877428724662519,0.7219896799651935,238236115460.6136,0.7934733136280805,0.1884222879063983,1.0,1.0,0.4,0.20652668637191948,240546529490.1816,"{""a"": 7, ""b"": 6, ""c"": 2, ""d"": 9, ""e"": 3, ""f"": 9, ""g"": 4, ""h"": 7, ""i"": 0, ""j"": 3, ""k"": 2, ""l"": 1, ""m"": 1, ""n"": 0, ""o"": 5, ""p"": 2, ""q"": 8, ""r"": 8, ""s"": 5, ""t"": 1, ""u"": 3, ""v"": 4, ""w"": 5, ""x"": 0, ""y"": 6, ""z"": 4}"
53,random_31,800,197112053607,762,38,32,70,56456988443,82635101.57117127,16288374570716600135,20,1.2924573726624338,23.36844261384338,4.147257566992185,"{""0"": 25808078056, ""1"": 109670220958, ""2"": 103127904105, ""3"": 40642468165, ""4"": 114179039548, ""5"": 47913556492, ""6"": 55604715597, ""7"": 3637654130, ""8"": 50198993696, ""9"": 11938438013}",0.8915452766703733,0.8915452766703733,0.0670785548374391,0.28410028258988834,0.6488211625726725,0.4049455689981915,9.52257785046622,0.179035623779328,12.870279291331517,0.6340493205209123,238461260758.16183,0.7184733136280805,0.1884222879063983,1.0,0.9,0.20000000000000007,0.28152668637191947,240694047929.7075,"{""a"": 8, ""b"": 5, ""c"": 2, ""d"": 3, ""e"": 1, ""f"": 5, ""g"": 0, ""h"": 4, ""i"": 6, ""j"": 8, ""k"": 9, ""l"": 9, ""m"": 0, ""n"": 1, ""o"": 4, ""p"": 7, ""q"": 3, ""r"": 2, ""s"": 3, ""t"": 2, ""u"": 0, ""v"": 1, ""w"": 6, ""x"": 7, ""y"": 5, ""z"": 4}"
54,random_65,800,197112053607,766,34,26,60,46542299074,188021380.36782467,37061280406324792247,20,1.292180546395336,15.917780286109178,3.000831383012866,"{""0"": 2746962329, ""1"": 107100134612, ""2"": 23942089755, ""3"": 56302218103, ""4"": 114323558387, ""5"": 21363319926, ""6"": 7122469938, ""7"": 74755617001, ""8"": 88692132531, ""9"": 66372566178}",0.8777762866576629,0.8777762866576629,0.12283088788431239,0.34793839792500325,0.5292307141906843,0.6014497130574809,9.627445096553414,0.17504131471160067,12.792138651927957,0.6995925466736796,238687626895.27313,0.8684733136280804,0.1884222879063983,1.0,0.9,0.7999999999999999,0.1315266863719195,241246973304.57178,"{""a"": 9, ""b"": 7, ""c"": 6, ""d"": 5, ""e"": 8, ""f"": 8, ""g"": 0, ""h"": 4, ""i"": 4, ""j"": 0, ""k"": 0, ""l"": 2, ""m"": 1, ""n"": 3, ""o"": 7, ""p"": 5, ""q"": 6, ""r"": 1, ""s"": 4, ""t"": 1, ""u"": 3, ""v"": 5, ""w"": 9, ""x"": 2, ""y"": 2, ""z"": 3}"
55,random_30,800,197112053607,754,46,36,82,51515112958,429746270.8443958,84708169976088891439,24,1.4121774151112327,17.810893663492955,3.835784790353123,"{""0"": 40078883568, ""1"": 87807704988, ""2"": 16552036222, ""3"": 21345823602, ""4"": 43277953694, ""5"": 99442244261, ""6"": 95534823923, ""7"": 3248941391, ""8"": 88800384087, ""9"": 66632273024}",0.9051864510048848,0.9051864510048848,0.18963419448137317,0.31384659093033385,0.49651921458829296,0.6318266713208112,9.482687285996633,0.1765892993649839,13.103129884778786,0.6351344076887749,239024863183.23538,0.7434733136280806,0.1884222879063983,1.0,1.0,0.20000000000000007,0.25652668637191944,241661438303.1439,"{""a"": 5, ""b"": 5, ""c"": 3, ""d"": 2, ""e"": 8, ""f"": 6, ""g"": 9, ""h"": 1, ""i"": 5, ""j"": 4, ""k"": 2, ""l"": 0, ""m"": 3, ""n"": 4, ""o"": 9, ""p"": 3, ""q"": 7, ""r"": 1, ""s"": 8, ""t"": 6, ""u"": 0, ""v"": 7, ""w"": 0, ""x"": 2, ""y"": 1, ""z"": 4}"
56,random_77,800,197112053607,749,51,42,93,51941241675,64295393.01926321,12673396955496142585,24,1.3270175888559201,17.52395604877069,3.196161523135929,"{""0"": 82927685873, ""1"": 60116576674, ""2"": 50199128479, ""3"": 65341459064, ""4"": 103624355305, ""5"": 81849644173, ""6"": 19422540594, ""7"": 26080156195, ""8"": 46553316766, ""9"": 26606205637}",0.9501235463547952,0.9501235463547952,0.19465041845930262,0.18956086658538568,0.6157887149553117,0.4469033962295043,9.936377091168932,0.17521508408256808,12.11331281788851,0.6599788829676124,240107373234.89395,0.7434733136280806,0.1884222879063983,1.0,1.0,0.20000000000000007,0.25652668637191944,242281010012.42783,"{""a"": 2, ""b"": 0, ""c"": 8, ""d"": 7, ""e"": 3, ""f"": 9, ""g"": 3, ""h"": 1, ""i"": 8, ""j"": 2, ""k"": 9, ""l"": 1, ""m"": 7, ""n"": 5, ""o"": 4, ""p"": 0, ""q"": 2, ""r"": 5, ""s"": 4, ""t"": 0, ""u"": 4, ""v"": 6, ""w"": 6, ""x"": 3, ""y"": 5, ""z"": 1}"
57,random_53,800,197112053607,756,44,35,79,66712525756,520508993.9603859,102598596720445224895,27,1.5014150160601345,16.351855510664404,3.4497630648339594,"{""0"": 103624355305, ""1"": 64221585964, ""2"": 40260957542, ""3"": 152695087353, ""4"": 39891863563, ""5"": 21750868471, ""6"": 63143660316, ""7"": 53327754977, ""8"": 16682465331, ""9"": 7122469938}",0.8875457085969448,0.8875457085969448,0.19680589796831194,0.14377292016678606,0.6594211818649021,0.38292695871411203,9.840246890970032,0.17215646728358341,12.1547383457473,0.593522799758631,240191547322.11432,0.7934733136280805,0.1884222879063983,1.0,1.0,0.4,0.20652668637191948,242422577918.31375,"{""a"": 7, ""b"": 5, ""c"": 9, ""d"": 1, ""e"": 6, ""f"": 4, ""g"": 2, ""h"": 1, ""i"": 3, ""j"": 1, ""k"": 5, ""l"": 5, ""m"": 4, ""n"": 3, ""o"": 0, ""p"": 7, ""q"": 9, ""r"": 2, ""s"": 0, ""t"": 3, ""u"": 0, ""v"": 4, ""w"": 8, ""x"": 8, ""y"": 2, ""z"": 6}"
58,random_61,800,197112053607,753,47,37,84,66059133982,339065292.6245754,66833856136088443225,24,1.6100900132457925,19.151899837783116,3.824739449811236,"{""0"": 147651941266, ""1"": 40148766597, ""2"": 40534100904, ""3"": 119222301340, ""4"": 69873802088, ""5"": 38440394992, ""6"": 10321161803, ""7"": 66272564023, ""8"": 13024587417, ""9"": 17231448330}",0.8769371338442817,0.8769371338442817,0.2930108694158786,0.09449327022919482,0.6124958603549265,0.327007295935982,9.456637060428227,0.171246206451253,13.134029427711578,0.5722005807969249,240048725336.9688,0.7434733136280806,0.1884222879063983,1.0,1.0,0.20000000000000007,0.25652668637191944,242494522107.89276,"{""a"": 4, ""b"": 6, ""c"": 4, ""d"": 2, ""e"": 7, ""f"": 2, ""g"": 5, ""h"": 3, ""i"": 0, ""j"": 8, ""k"": 9, ""l"": 1, ""m"": 5, ""n"": 0, ""o"": 0, ""p"": 7, ""q"": 3, ""r"": 1, ""s"": 5, ""t"": 3, ""u"": 8, ""v"": 1, ""w"": 9, ""x"": 6, ""y"": 4, ""z"": 2}"
59,random_57,800,197112053607,760,40,34,74,72419295980,204890021.25554264,40386292853261888727,25,1.4160539868886417,18.855274557446005,3.0975152730046815,"{""0"": 14241882726, ""1"": 26714476271, ""2"": 44183750432, ""3"": 114687751815, ""4"": 123076536200, ""5"": 64422320639, ""6"": 63143776021, ""7"": 18003058824, ""8"": 64979472904, ""9"": 29268042928}",0.9123944758409175,0.9123944758409175,0.07732059108765472,0.16294742504853213,0.7597319838638131,0.5204021237260205,9.834266176378296,0.1714645752104327,12.21058449967631,0.5637769377389996,240905457743.858,0.6684733136280805,0.1884222879063983,1.0,0.9,0.0,0.3315266863719195,242655431341.455,"{""a"": 5, ""b"": 4, ""c"": 7, ""d"": 2, ""e"": 6, ""f"": 8, ""g"": 0, ""h"": 3, ""i"": 8, ""j"": 0, ""k"": 1, ""l"": 7, ""m"": 5, ""n"": 4, ""o"": 3, ""p"": 5, ""q"": 6, ""r"": 9, ""s"": 1, ""t"": 4, ""u"": 2, ""v"": 9, ""w"": 2, ""x"": 3, ""y"": 0, ""z"": 1}"
60,random_17,800,197112053607,754,46,39,85,89740615022,340910345.50430006,67197538298224480549,23,1.524291406019474,17.05351280265199,4.1762133299886965,"{""0"": 96700789823, ""1"": 62768642342, ""2"": 24155802728, ""3"": 100803561540, ""4"": 102574757632, ""5"": 81116939607, ""6"": 20146761068, ""7"": 46406695897, ""8"": 12552796245, ""9"": 15494321878}",0.9071197975805496,0.9071197975805496,0.19937961794860593,0.13385217431609003,0.6667682077353041,0.39186506161519197,9.764904925114505,0.17497212705852302,12.509847872709855,0.4335623168200053,243466843814.89035,0.7434733136280806,0.1884222879063983,1.0,1.0,0.20000000000000007,0.25652668637191944,245628759672.87018,"{""a"": 1, ""b"": 2, ""c"": 6, ""d"": 9, ""e"": 4, ""f"": 3, ""g"": 1, ""h"": 3, ""i"": 4, ""j"": 8, ""k"": 0, ""l"": 1, ""m"": 2, ""n"": 7, ""o"": 5, ""p"": 7, ""q"": 4, ""r"": 3, ""s"": 0, ""t"": 0, ""u"": 6, ""v"": 2, ""w"": 5, ""x"": 9, ""y"": 8, ""z"": 5}"
61,random_59,800,197112053607,751,49,40,89,61317233273,484523330.4796274,95505388691342491929,24,1.5310274368643826,21.632998475556285,3.707437166805754,"{""0"": 51567746691, ""1"": 90841165574, ""2"": 153610002081, ""3"": 122595148336, ""4"": 13500064548, ""5"": 82539102154, ""6"": 23905149582, ""7"": 12152280006, ""8"": 9812591962, ""9"": 2197817826}",0.8165367972819444,0.8165367972819444,0.09554567529429214,0.178869715608478,0.7255846090972299,0.3570279632174133,9.899606038480467,0.17221464113466503,12.824815511603123,0.5922849093428247,244824127167.03348,0.7434733136280806,0.1884222879063983,1.0,1.0,0.20000000000000007,0.25652668637191944,247025025772.28186,"{""a"": 1, ""b"": 8, ""c"": 4, ""d"": 1, ""e"": 3, ""f"": 0, ""g"": 9, ""h"": 2, ""i"": 2, ""j"": 8, ""k"": 7, ""l"": 6, ""m"": 7, ""n"": 3, ""o"": 2, ""p"": 4, ""q"": 5, ""r"": 0, ""s"": 1, ""t"": 5, ""u"": 6, ""v"": 4, ""w"": 3, ""x"": 9, ""y"": 5, ""z"": 0}"
62,random_52,800,197112053607,755,45,37,82,63947809033,339264807.74652606,66873182971501789143,26,1.4034858650378121,16.78694911797363,3.6022277923686774,"{""0"": 103152564133, ""1"": 78638694863, ""2"": 76330941600, ""3"": 77467131840, ""4"": 70495198758, ""5"": 23395567676, ""6"": 4818009266, ""7"": 16043304877, ""8"": 180582, ""9"": 112379475165}",0.8626470255198717,0.8626470255198717,0.38301753970744645,0.1397475229038197,0.47723493738873385,0.39539342746924555,9.87415034481481,0.1774067783006705,12.846721201721948,0.5309595484387124,245104574919.48325,0.7184733136280805,0.1884222879063983,1.0,0.9,0.20000000000000007,0.28152668637191947,248153048672.76892,"{""a"": 3, ""b"": 1, ""c"": 5, ""d"": 7, ""e"": 9, ""f"": 1, ""g"": 6, ""h"": 9, ""i"": 2, ""j"": 8, ""k"": 7, ""l"": 2, ""m"": 3, ""n"": 1, ""o"": 0, ""p"": 6, ""q"": 4, ""r"": 2, ""s"": 0, ""t"": 4, ""u"": 5, ""v"": 5, ""w"": 3, ""x"": 4, ""y"": 0, ""z"": 8}"
63,random_11,800,197112053607,746,54,43,97,64014822701,60907683.26379672,12005638528571674590,29,1.3732511034545238,19.35193143463113,5.156646982911366,"{""0"": 32396965713, ""1"": 93282401771, ""2"": 37158259788, ""3"": 74812894581, ""4"": 15494456661, ""5"": 39431162193, ""6"": 36429214962, ""7"": 44335487456, ""8"": 113342473430, ""9"": 76037752205}",0.9405873680241378,0.9405873680241378,0.19269709974951604,0.3671888021827832,0.44011409806770074,0.5606842579448302,9.858717410712945,0.1806827831630033,13.27427470032751,0.6222261938913939,246605669253.31918,0.7434733136280806,0.1884222879063983,1.0,1.0,0.20000000000000007,0.25652668637191944,249520533243.47372,"{""a"": 8, ""b"": 2, ""c"": 1, ""d"": 4, ""e"": 8, ""f"": 6, ""g"": 2, ""h"": 3, ""i"": 5, ""j"": 5, ""k"": 7, ""l"": 6, ""m"": 9, ""n"": 7, ""o"": 9, ""p"": 0, ""q"": 4, ""r"": 0, ""s"": 2, ""t"": 1, ""u"": 3, ""v"": 0, ""w"": 1, ""x"": 4, ""y"": 3, ""z"": 5}"
64,random_18,800,197112053607,742,58,46,104,80077253780,470160573.7137873,92674316209769922476,27,1.557060847445306,20.27291260370233,3.6742467052369054,"{""0"": 67330278367, ""1"": 38209539094, ""2"": 131315752721, ""3"": 124358671404, ""4"": 53256814094, ""5"": 24798040069, ""6"": 10371141763, ""7"": 39431116394, ""8"": 60116557596, ""9"": 13533157258}",0.8942280800549592,0.8942280800549592,0.1437007428977005,0.17473327754844734,0.6815659795538521,0.49306667902475215,10.18659246952303,0.17348017915696604,12.312473380683263,0.513470978125945,247867217195.4904,0.7934733136280805,0.1884222879063983,1.0,1.0,0.4,0.20652668637191948,249911051601.57092,"{""a"": 2, ""b"": 5, ""c"": 6, ""d"": 5, ""e"": 0, ""f"": 4, ""g"": 4, ""h"": 8, ""i"": 7, ""j"": 1, ""k"": 0, ""l"": 8, ""m"": 3, ""n"": 3, ""o"": 2, ""p"": 0, ""q"": 7, ""r"": 4, ""s"": 1, ""t"": 3, ""u"": 9, ""v"": 6, ""w"": 2, ""x"": 9, ""y"": 1, ""z"": 5}"
65,random_24,800,197112053607,745,55,45,100,84438854471,368775470.079308,72690090227219177014,34,1.529881261768209,16.48623746680196,3.8751502426428677,"{""0"": 64700405082, ""1"": 106421575854, ""2"": 2746935608, ""3"": 94784353621, ""4"": 83160087360, ""5"": 102182448544, ""6"": 16682465331, ""7"": 14009646454, ""8"": 28797297901, ""9"": 49235853005}",0.8874941641274071,0.8874941641274071,0.20247377326402133,0.24029467041809077,0.5572315563178879,0.5508835060801628,9.846037967571446,0.17388973863459745,13.188823078421208,0.49712194535991655,248007744835.41394,0.7934733136280805,0.1884222879063983,1.0,1.0,0.4,0.20652668637191948,250459789594.00662,"{""a"": 5, ""b"": 3, ""c"": 4, ""d"": 3, ""e"": 1, ""f"": 8, ""g"": 2, ""h"": 9, ""i"": 5, ""j"": 1, ""k"": 2, ""l"": 7, ""m"": 4, ""n"": 1, ""o"": 4, ""p"": 7, ""q"": 2, ""r"": 0, ""s"": 0, ""t"": 3, ""u"": 0, ""v"": 8, ""w"": 6, ""x"": 6, ""y"": 5, ""z"": 9}"
66,random_48,800,197112053607,758,42,32,74,42114158517,171593818.31391713,33823209914122648808,18,1.289085793269704,18.200845761603865,3.3114061909292603,"{""0"": 114215306831, ""1"": 24119126358, ""2"": 25356732296, ""3"": 185128351365, ""4"": 26019416902, ""5"": 30415455208, ""6"": 4186637129, ""7"": 72956071696, ""8"": 36537466518, ""9"": 43786504457}",0.8431882154044664,0.8431882154044664,0.28078175860052546,0.10779157960028324,0.6114266617991914,0.43700815421944056,10.37008454284848,0.17758649492279693,12.47527294068369,0.7204480997196453,248116166445.65878,0.7934733136280805,0.1884222879063983,1.0,1.0,0.4,0.20652668637191948,250523235206.26117,"{""a"": 3, ""b"": 7, ""c"": 2, ""d"": 2, ""e"": 7, ""f"": 0, ""g"": 5, ""h"": 0, ""i"": 0, ""j"": 4, ""k"": 6, ""l"": 8, ""m"": 1, ""n"": 9, ""o"": 3, ""p"": 6, ""q"": 1, ""r"": 4, ""s"": 8, ""t"": 3, ""u"": 1, ""v"": 2, ""w"": 5, ""x"": 9, ""y"": 5, ""z"": 4}"
67,random_36,800,197112053607,746,54,43,97,98752403255,338252074.81324613,66673561103267547945,29,1.5656131471304437,20.503258213654355,3.714681671410465,"{""0"": 52076458958, ""1"": 53529031052, ""2"": 108667501392, ""3"": 13610510589, ""4"": 66392466924, ""5"": 115142153518, ""6"": 50924920408, ""7"": 26080156195, ""8"": 49243412069, ""9"": 27054457655}",0.9325630366187266,0.9325630366187266,0.1406219191106016,0.1826347880442208,0.6767432928451776,0.7273469195110408,10.216837367307125,0.17246780079561194,12.198283876976522,0.4193984525361579,249332570507.5872,0.8934733136280805,0.1884222879063983,1.0,1.0,0.7999999999999999,0.1065266863719195,251084203942.14236,"{""a"": 5, ""b"": 8, ""c"": 1, ""d"": 7, ""e"": 4, ""f"": 0, ""g"": 6, ""h"": 6, ""i"": 8, ""j"": 3, ""k"": 3, ""l"": 9, ""m"": 7, ""n"": 1, ""o"": 5, ""p"": 1, ""q"": 5, ""r"": 0, ""s"": 2, ""t"": 2, ""u"": 2, ""v"": 4, ""w"": 9, ""x"": 0, ""y"": 3, ""z"": 4}"
68,random_80,800,197112053607,762,38,32,70,71076543860,313193173.0841483,61734149522309068440,22,1.4126972543758791,18.933919839752825,3.6459078018122715,"{""0"": 101843146532, ""1"": 19422675377, ""2"": 88692151609, ""3"": 81958941874, ""4"": 60450090132, ""5"": 27538386778, ""6"": 119222166557, ""7"": 49243412069, ""8"": 1566445689, ""9"": 12783652143}",0.8811764782789199,0.8811764782789199,0.2037009186942105,0.0372993339528786,0.7589997473529109,0.4403496135937089,10.016088509226302,0.1766540814446878,13.150736043109973,0.5448744967983322,249389290915.8535,0.7684733136280806,0.1884222879063983,1.0,0.9,0.4,0.23152668637191948,251281860512.51865,"{""a"": 4, ""b"": 7, ""c"": 4, ""d"": 5, ""e"": 2, ""f"": 2, ""g"": 9, ""h"": 6, ""i"": 7, ""j"": 5, ""k"": 8, ""l"": 0, ""m"": 9, ""n"": 3, ""o"": 0, ""p"": 4, ""q"": 1, ""r"": 0, ""s"": 3, ""t"": 6, ""u"": 3, ""v"": 1, ""w"": 1, ""x"": 8, ""y"": 5, ""z"": 2}"
69,random_22,800,197112053607,758,42,33,75,85473325595,424191488.16210335,83613255354241621969,22,1.6509612087489471,18.115096136856412,3.74752406445309,"{""0"": 73035688563, ""1"": 51567746691, ""2"": 75824044995, ""3"": 12783813647, ""4"": 61538907299, ""5"": 6886460738, ""6"": 112379475165, ""7"": 28726368727, ""8"": 44335487456, ""9"": 95643075479}",0.9167832320971511,0.9167832320971511,0.2997555510293881,0.17042765851708785,0.529816790453524,0.49087528081301846,10.007134161345844,0.16955463918067298,12.994738335357878,0.48677335079315814,249576180975.9259,0.8434733136280805,0.1884222879063983,1.0,1.0,0.5999999999999999,0.15652668637191952,252164729693.7067,"{""a"": 0, ""b"": 0, ""c"": 4, ""d"": 4, ""e"": 6, ""f"": 1, ""g"": 3, ""h"": 6, ""i"": 4, ""j"": 3, ""k"": 8, ""l"": 2, ""m"": 3, ""n"": 8, ""o"": 2, ""p"": 5, ""q"": 2, ""r"": 1, ""s"": 9, ""t"": 9, ""u"": 0, ""v"": 5, ""w"": 7, ""x"": 5, ""y"": 7, ""z"": 1}"
70,random_33,800,197112053607,749,51,40,91,72469975376,421072357.909617,82998437184706318675,25,1.520649353796573,18.798247234376195,4.2867486407284465,"{""0"": 29487400354, ""1"": 43786665961, ""2"": 100724379465, ""3"": 103986848776, ""4"": 79317394302, ""5"": 62085957811, ""6"": 1057849127, ""7"": 71675419111, ""8"": 18234397141, ""9"": 52364756712}",0.9115492110180837,0.9115492110180837,0.14545777936903562,0.11021635148417008,0.7443258691467943,0.48385509298497514,10.1691367002057,0.17675649462386836,12.921021405443634,0.5561685744067902,250440314680.01758,0.7184733136280805,0.1884222879063983,1.0,0.8999999999999999,0.20000000000000007,0.28152668637191947,252273524661.52795,"{""a"": 2, ""b"": 0, ""c"": 0, ""d"": 8, ""e"": 4, ""f"": 5, ""g"": 7, ""h"": 9, ""i"": 2, ""j"": 1, ""k"": 6, ""l"": 5, ""m"": 2, ""n"": 1, ""o"": 3, ""p"": 9, ""q"": 6, ""r"": 3, ""s"": 5, ""t"": 7, ""u"": 3, ""v"": 8, ""w"": 4, ""x"": 1, ""y"": 0, ""z"": 4}"
71,random_8,800,197112053607,763,37,31,68,67657006026,139605933.16649655,27518012182169723546,19,1.4079973965942385,17.51918130437136,3.3263956871367872,"{""0"": 53327916481, ""1"": 92211486191, ""2"": 7122489016, ""3"": 96700789823, ""4"": 101219450279, ""5"": 66114629483, ""6"": 26057222638, ""7"": 74024364907, ""8"": 41004826853, ""9"": 4937893089}",0.9030382803569875,0.9030382803569875,0.1035429679190674,0.2367359610997907,0.659721070981142,0.46131971325274373,10.210696912625595,0.1749238363190983,13.084311603085089,0.5501994732561023,251839914573.13092,0.7684733136280806,0.1884222879063983,1.0,0.9,0.4,0.23152668637191948,253962259982.40918,"{""a"": 0, ""b"": 5, ""c"": 2, ""d"": 8, ""e"": 7, ""f"": 6, ""g"": 9, ""h"": 4, ""i"": 4, ""j"": 0, ""k"": 3, ""l"": 7, ""m"": 1, ""n"": 5, ""o"": 1, ""p"": 0, ""q"": 2, ""r"": 8, ""s"": 3, ""t"": 3, ""u"": 5, ""v"": 9, ""w"": 1, ""x"": 6, ""y"": 4, ""z"": 2}"
72,random_2,800,197112053607,754,46,37,83,54631026446,86459636.08888465,17042236423593941847,22,1.3560662589763994,18.1013786396485,3.31730964350208,"{""0"": 19060773168, ""1"": 62700313706, ""2"": 101586243498, ""3"": 125453902439, ""4"": 119229744699, ""5"": 43771256167, ""6"": 13024560696, ""7"": 2197817826, ""8"": 63143660316, ""9"": 12552796245}",0.8552761369978672,0.8552761369978672,0.05617982188344748,0.2236347295460379,0.7201854485705146,0.3634233831690289,10.380580147029304,0.17605255169542727,13.135361232769645,0.6329949047447245,253499702788.9658,0.7684733136280806,0.1884222879063983,1.0,0.9,0.4,0.23152668637191948,255633902008.63223,"{""a"": 3, ""b"": 4, ""c"": 0, ""d"": 5, ""e"": 8, ""f"": 2, ""g"": 7, ""h"": 3, ""i"": 4, ""j"": 9, ""k"": 0, ""l"": 0, ""m"": 2, ""n"": 1, ""o"": 2, ""p"": 5, ""q"": 6, ""r"": 3, ""s"": 5, ""t"": 4, ""u"": 6, ""v"": 1, ""w"": 1, ""x"": 7, ""y"": 9, ""z"": 8}"
73,random_29,800,197112053607,751,49,39,88,55463589386,304728868.999653,60065733161860074434,27,1.4071947034757577,21.533265096560626,3.9810388768083573,"{""0"": 27268434431, ""1"": 78553535628, ""2"": 66392609350, ""3"": 159616146433, ""4"": 62556702838, ""5"": 18114532396, ""6"": 92513607039, ""7"": 32670826448, ""8"": 2197817826, ""9"": 22836856371}",0.8684587336773127,0.8684587336773127,0.08904107840214857,0.1435015639843412,0.7674573576135102,0.5486238445708472,10.475694166641475,0.1791977718912525,13.180013128850787,0.6431585819188984,255233029943.85434,0.7434733136280806,0.1884222879063983,1.0,1.0,0.20000000000000007,0.25652668637191944,257018950514.06702,"{""a"": 3, ""b"": 9, ""c"": 7, ""d"": 5, ""e"": 2, ""f"": 7, ""g"": 8, ""h"": 6, ""i"": 3, ""j"": 2, ""k"": 1, ""l"": 4, ""m"": 0, ""n"": 6, ""o"": 1, ""p"": 5, ""q"": 0, ""r"": 4, ""s"": 4, ""t"": 3, ""u"": 9, ""v"": 2, ""w"": 0, ""x"": 8, ""y"": 1, ""z"": 5}"
74,random_3,800,197112053607,760,40,30,70,43201396270,112038466.26663072,22084132168794176838,17,1.3590311392529004,14.795549995854902,3.158023224673531,"{""0"": 92029309027, ""1"": 86918475874, ""2"": 88100845948, ""3"": 57359913369, ""4"": 39431162193, ""5"": 39080602406, ""6"": 52484640535, ""7"": 35360921751, ""8"": 7122469938, ""9"": 64832727719}",0.9461649436189142,0.9461649436189142,0.2787562887802616,0.16711822434377052,0.5541254868759679,0.4079338254243707,10.740333555339875,0.17447620065916544,12.712997409444112,0.7171460832163943,255456346982.99817,0.8184733136280805,0.1884222879063983,1.0,0.9,0.5999999999999999,0.18152668637191952,257948936182.00912,"{""a"": 0, ""b"": 7, ""c"": 8, ""d"": 2, ""e"": 9, ""f"": 7, ""g"": 9, ""h"": 6, ""i"": 4, ""j"": 4, ""k"": 3, ""l"": 1, ""m"": 1, ""n"": 3, ""o"": 1, ""p"": 2, ""q"": 8, ""r"": 5, ""s"": 0, ""t"": 2, ""u"": 3, ""v"": 6, ""w"": 0, ""x"": 5, ""y"": 5, ""z"": 4}"
75,random_69,800,197112053607,743,57,46,103,80567438196,395101938.22002035,77879354426654255164,28,1.6208506460492482,19.58502533848039,3.889606439018769,"{""0"": 62662293275, ""1"": 78129393275, ""2"": 22365084277, ""3"": 140798761584, ""4"": 34176792810, ""5"": 92513741822, ""6"": 83010758543, ""7"": 3637654130, ""8"": 4306520952, ""9"": 41120068092}",0.8702122191683498,0.8702122191683498,0.18442949292034252,0.1464951621744926,0.6690753449051648,0.4803106395680984,10.592772224876368,0.17239356527594524,12.709353156706367,0.5183132644323066,256602783776.30173,0.8434733136280805,0.1884222879063983,1.0,1.0,0.5999999999999999,0.15652668637191952,258743459004.3301,"{""a"": 3, ""b"": 2, ""c"": 4, ""d"": 1, ""e"": 1, ""f"": 0, ""g"": 9, ""h"": 5, ""i"": 9, ""j"": 1, ""k"": 8, ""l"": 4, ""m"": 0, ""n"": 5, ""o"": 3, ""p"": 7, ""q"": 5, ""r"": 0, ""s"": 3, ""t"": 6, ""u"": 6, ""v"": 8, ""w"": 4, ""x"": 7, ""y"": 2, ""z"": 2}"
76,random_21,800,197112053607,746,54,44,98,116030361546,436565472.387706,86052316796250775942,30,1.7529517993349613,18.647063639138455,4.519315447684853,"{""0"": 27268318726, ""1"": 6886460738, ""2"": 65385698800, ""3"": 106063254635, ""4"": 85508706437, ""5"": 87098792181, ""6"": 13024560696, ""7"": 49235995431, ""8"": 95643075479, ""9"": 26606205637}",0.9059876722064207,0.9059876722064207,0.09573930558832058,0.18220312319730958,0.7220575712143699,0.5159580791574804,10.310092531295904,0.17210276582633294,13.087214245148473,0.3267764956800824,257671473770.65353,0.7934733136280805,0.1884222879063983,1.0,1.0,0.4,0.20652668637191948,259549847036.90775,"{""a"": 5, ""b"": 4, ""c"": 2, ""d"": 2, ""e"": 4, ""f"": 9, ""g"": 3, ""h"": 7, ""i"": 3, ""j"": 7, ""k"": 9, ""l"": 5, ""m"": 0, ""n"": 2, ""o"": 3, ""p"": 1, ""q"": 6, ""r"": 5, ""s"": 8, ""t"": 8, ""u"": 6, ""v"": 1, ""w"": 0, ""x"": 1, ""y"": 4, ""z"": 0}"
77,random_19,800,197112053607,741,59,46,105,60793363482,68278828.41560826,13458580086880529066,31,1.4546764409937498,19.409075456972136,5.546435784032514,"{""0"": 57407303389, ""1"": 13533318762, ""2"": 93282401771, ""3"": 117560213382, ""4"": 60105978729, ""5"": 86841889147, ""6"": 38209377590, ""7"": 27708322801, ""8"": 64943205621, ""9"": 3129057568}",0.9049889218212417,0.9049889218212417,0.10757791793791659,0.13945901218152215,0.7529630698805613,0.3840315806005034,10.81687362669446,0.182300253727302,12.681407596243673,0.6112111497108441,258123090546.13315,0.7934733136280805,0.1884222879063983,1.0,1.0,0.4,0.20652668637191948,260042076290.4131,"{""a"": 5, ""b"": 4, ""c"": 2, ""d"": 3, ""e"": 3, ""f"": 5, ""g"": 7, ""h"": 4, ""i"": 3, ""j"": 1, ""k"": 4, ""l"": 0, ""m"": 5, ""n"": 0, ""o"": 8, ""p"": 9, ""q"": 9, ""r"": 7, ""s"": 6, ""t"": 2, ""u"": 1, ""v"": 0, ""w"": 2, ""x"": 1, ""y"": 6, ""z"": 8}"
78,random_51,800,197112053607,742,58,44,102,103103906483,626299751.1537174,123451230123462293563,29,1.7757460835341314,19.807439224403414,3.9780951380294143,"{""0"": 74533096252, ""1"": 12152299084, ""2"": 64120362354, ""3"": 110628666012, ""4"": 61700349131, ""5"": 49655502505, ""6"": 296287, ""7"": 104374168154, ""8"": 23296069141, ""9"": 62260259840}",0.8956755346389716,0.8956755346389716,0.24309265049100592,0.06299456372428575,0.6939127857847083,0.6486210554374896,10.595517867740906,0.1693737514557114,13.352985102680343,0.39633847989205684,262599128924.91653,0.7934733136280805,0.1884222879063983,1.0,1.0,0.4,0.20652668637191948,264450296445.6554,"{""a"": 4, ""b"": 4, ""c"": 8, ""d"": 3, ""e"": 0, ""f"": 2, ""g"": 4, ""h"": 9, ""i"": 7, ""j"": 6, ""k"": 1, ""l"": 0, ""m"": 1, ""n"": 5, ""o"": 7, ""p"": 5, ""q"": 6, ""r"": 2, ""s"": 3, ""t"": 3, ""u"": 9, ""v"": 5, ""w"": 8, ""x"": 0, ""y"": 2, ""z"": 1}"
79,random_55,800,197112053607,735,65,49,114,94326882048,647265081.6475874,127583749471658493432,31,1.7558437829786229,24.858789176148022,6.514911284894632,"{""0"": 92094258318, ""1"": 80029081623, ""2"": 113342608213, ""3"": 12447169358, ""4"": 130393404474, ""5"": 28677575582, ""6"": 22836856371, ""7"": 52484640535, ""8"": 16173753064, ""9"": 14241721222}",0.8762089589642919,0.8762089589642919,0.1889674750837385,0.17096007245470743,0.6400724524615541,0.4590364202063437,10.977936590760418,0.1791526154574033,12.959679421021882,0.4482295173087395,265381775734.5293,0.8184733136280804,0.1884222879063983,1.0,0.8999999999999999,0.5999999999999999,0.18152668637191954,267617349986.2844,"{""a"": 2, ""b"": 6, ""c"": 0, ""d"": 0, ""e"": 2, ""f"": 5, ""g"": 9, ""h"": 7, ""i"": 4, ""j"": 5, ""k"": 3, ""l"": 3, ""m"": 1, ""n"": 1, ""o"": 4, ""p"": 5, ""q"": 2, ""r"": 4, ""s"": 1, ""t"": 0, ""u"": 6, ""v"": 7, ""w"": 8, ""x"": 3, ""y"": 9, ""z"": 8}"
80,random_7,800,197112053607,753,47,38,85,95482866413,430168206.9163732,84791338661727216268,27,1.6561982464293428,21.312984695979086,3.663892259779859,"{""0"": 19302675849, ""1"": 75696410762, ""2"": 60337977731, ""3"": 74103981774, ""4"": 121301355625, ""5"": 53256814094, ""6"": 95643075479, ""7"": 43277934616, ""8"": 15494321878, ""9"": 4306520952}",0.9035632099225248,0.9035632099225248,0.041955416478406816,0.16205316932764918,0.795991414193944,0.59032989939452,11.168812196990539,0.1709876853577691,13.057046713203137,0.42597667457926663,269232517433.98947,0.7934733136280805,0.1884222879063983,1.0,1.0,0.4,0.20652668637191948,270823772922.24188,"{""a"": 3, ""b"": 2, ""c"": 4, ""d"": 8, ""e"": 1, ""f"": 5, ""g"": 5, ""h"": 4, ""i"": 2, ""j"": 7, ""k"": 9, ""l"": 3, ""m"": 2, ""n"": 7, ""o"": 4, ""p"": 0, ""q"": 1, ""r"": 5, ""s"": 6, ""t"": 6, ""u"": 3, ""v"": 9, ""w"": 0, ""x"": 8, ""y"": 1, ""z"": 0}"
