rank,layout_name,word_count,total_frequency,sequence_count,collision_count,collision_group_count,collided_word_count,collided_frequency,weighted_collision_score,weighted_collision_pairs,high_frequency_word_collision_count,average_candidate_ambiguity,first_2_character_ambiguity,first_3_character_ambiguity,channel_load_distribution,channel_entropy,entropy_balance_score,pinky_burden,ring_burden,core_channel_burden,hand_alternation_rate,score,layout
1,random_75340,99,197103995034,99,0,0,0,0,0.0,0,0,1.0,3.398742626370626,1.6831350874383515,"{""0"": 51625215513, ""1"": 26632068282, ""2"": 82922422211, ""3"": 125446232013, ""4"": 43275140539, ""5"": 65081807442, ""6"": 66386414465, ""7"": 65448655848, ""8"": 12566634023, ""9"": 23293506327}",0.9321062492910446,0.9321062492910446,0.13314668241808322,0.06966452495213608,0.7971887926297807,0.5496981066944889,1571434283.9583158,"{""a"": 3, ""b"": 2, ""c"": 9, ""d"": 0, ""e"": 6, ""f"": 0, ""g"": 8, ""h"": 3, ""i"": 5, ""j"": 4, ""k"": 1, ""l"": 8, ""m"": 0, ""n"": 4, ""o"": 7, ""p"": 2, ""q"": 5, ""r"": 3, ""s"": 5, ""t"": 2, ""u"": 1, ""v"": 6, ""w"": 9, ""x"": 7, ""y"": 1, ""z"": 4}"
2,random_74697,99,197103995034,99,0,0,0,0,0.0,0,0,1.0,3.4156207017968807,1.6137576828421578,"{""0"": 16779851121, ""1"": 53667918475, ""2"": 41720851127, ""3"": 79794699588, ""4"": 107470660605, ""5"": 44015101587, ""6"": 68067768948, ""7"": 75849161703, ""8"": 49234651979, ""9"": 26077431530}",0.9534828983345761,0.9534828983345761,0.07616660912370318,0.1828800002421821,0.7409533906341147,0.6619676820011446,1584919481.5558872,"{""a"": 7, ""b"": 3, ""c"": 5, ""d"": 9, ""e"": 4, ""f"": 2, ""g"": 1, ""h"": 8, ""i"": 1, ""j"": 2, ""k"": 4, ""l"": 5, ""m"": 9, ""n"": 4, ""o"": 6, ""p"": 6, ""q"": 8, ""r"": 5, ""s"": 7, ""t"": 3, ""u"": 0, ""v"": 0, ""w"": 2, ""x"": 0, ""y"": 1, ""z"": 3}"
3,random_67470,99,197103995034,99,0,0,0,0,0.0,0,0,1.0,3.02772169377418,1.5975975821021877,"{""0"": 75849161703, ""1"": 29264360729, ""2"": 74168042553, ""3"": 75854402922, ""4"": 87934087758, ""5"": 79651168051, ""6"": 50395579722, ""7"": 49234651979, ""8"": 16681676667, ""9"": 23644964579}",0.9531550311303094,0.9531550311303094,0.1768224618517347,0.08165599064276012,0.7415215475055053,0.6332879784436969,1612150351.8143659,"{""a"": 0, ""b"": 4, ""c"": 6, ""d"": 4, ""e"": 4, ""f"": 3, ""g"": 5, ""h"": 7, ""i"": 3, ""j"": 7, ""k"": 2, ""l"": 3, ""m"": 9, ""n"": 6, ""o"": 5, ""p"": 2, ""q"": 1, ""r"": 1, ""s"": 0, ""t"": 2, ""u"": 5, ""v"": 1, ""w"": 8, ""x"": 8, ""y"": 9, ""z"": 0}"
4,random_18167,99,197103995034,99,0,0,0,0,0.0,0,0,1.0,3.3680251819781084,1.6423153900719327,"{""0"": 14080347199, ""1"": 54740922846, ""2"": 35868104875, ""3"": 71339279196, ""4"": 68330033552, ""5"": 73110710842, ""6"": 64940046325, ""7"": 106413328894, ""8"": 51883551653, ""9"": 21971771281}",0.9502710776879755,0.9502710776879755,0.06407236871989419,0.18949462424669372,0.7464330070334121,0.6210302483719217,1615393952.6841292,"{""a"": 8, ""b"": 2, ""c"": 3, ""d"": 3, ""e"": 7, ""f"": 2, ""g"": 8, ""h"": 3, ""i"": 4, ""j"": 6, ""k"": 0, ""l"": 9, ""m"": 9, ""n"": 7, ""o"": 6, ""p"": 5, ""q"": 0, ""r"": 1, ""s"": 4, ""t"": 5, ""u"": 0, ""v"": 4, ""w"": 1, ""x"": 2, ""y"": 1, ""z"": 5}"
5,random_38751,99,197103995034,99,0,0,0,0,0.0,0,0,1.0,3.222030849037083,1.6207896596002185,"{""0"": 48090969400, ""1"": 18232414144, ""2"": 65081807442, ""3"": 82371225781, ""4"": 75818574110, ""5"": 42229460650, ""6"": 72949899724, ""7"": 71040319930, ""8"": 61288688911, ""9"": 25574736571}",0.9661695160063016,0.9661695160063016,0.13091980371704423,0.14132610372894414,0.7277540925540116,0.6358630496476065,1624664803.6676013,"{""a"": 8, ""b"": 6, ""c"": 3, ""d"": 1, ""e"": 6, ""f"": 5, ""g"": 0, ""h"": 3, ""i"": 2, ""j"": 1, ""k"": 7, ""l"": 4, ""m"": 8, ""n"": 0, ""o"": 4, ""p"": 0, ""q"": 2, ""r"": 3, ""s"": 2, ""t"": 7, ""u"": 9, ""v"": 1, ""w"": 5, ""x"": 5, ""y"": 9, ""z"": 4}"
6,random_49476,99,197103995034,99,0,0,0,0,0.0,0,0,1.0,3.089020302323011,1.5975975821021877,"{""0"": 26083346094, ""1"": 46238023137, ""2"": 112538801996, ""3"": 82170445180, ""4"": 75849161703, ""5"": 74231431851, ""6"": 64218840013, ""7"": 50395579722, ""8"": 1688106238, ""9"": 29264360729}",0.9219723836050944,0.9219723836050944,0.09836477934940648,0.08517503997263996,0.8164601806779536,0.4559252918691387,1626846506.6028233,"{""a"": 4, ""b"": 1, ""c"": 7, ""d"": 6, ""e"": 5, ""f"": 1, ""g"": 8, ""h"": 6, ""i"": 2, ""j"": 4, ""k"": 3, ""l"": 1, ""m"": 5, ""n"": 7, ""o"": 3, ""p"": 2, ""q"": 5, ""r"": 9, ""s"": 4, ""t"": 2, ""u"": 0, ""v"": 9, ""w"": 3, ""x"": 0, ""y"": 0, ""z"": 8}"
7,random_56374,99,197103995034,99,0,0,0,0,0.0,0,0,1.0,3.1638459549002507,1.6227809114311733,"{""0"": 10248161806, ""1"": 40357604225, ""2"": 75960335227, ""3"": 120178433634, ""4"": 89743304049, ""5"": 61136313921, ""6"": 65448655848, ""7"": 22363432452, ""8"": 28007203522, ""9"": 49234651979}",0.9280344701948026,0.9280344701948026,0.10571375381015681,0.12149896744238323,0.77278727874746,0.5725195108334143,1629113511.6518755,"{""a"": 3, ""b"": 7, ""c"": 0, ""d"": 8, ""e"": 4, ""f"": 4, ""g"": 5, ""h"": 9, ""i"": 2, ""j"": 0, ""k"": 4, ""l"": 2, ""m"": 1, ""n"": 5, ""o"": 6, ""p"": 0, ""q"": 3, ""r"": 1, ""s"": 2, ""t"": 3, ""u"": 8, ""v"": 1, ""w"": 5, ""x"": 6, ""y"": 7, ""z"": 9}"
8,random_96053,99,197103995034,99,0,0,0,0,0.0,0,0,1.0,3.730812292252891,1.6709572373517212,"{""0"": 8808545421, ""1"": 67323242689, ""2"": 50306618939, ""3"": 103979196432, ""4"": 83042925698, ""5"": 93470585954, ""6"": 61786373062, ""7"": 41826783432, ""8"": 40531972017, ""9"": 11601853019}",0.9263040804911982,0.9263040804911982,0.036273667948059876,0.19168191430525294,0.7720444177466872,0.5773695833743828,1629940648.5822978,"{""a"": 5, ""b"": 4, ""c"": 0, ""d"": 8, ""e"": 1, ""f"": 8, ""g"": 0, ""h"": 6, ""i"": 2, ""j"": 0, ""k"": 1, ""l"": 2, ""m"": 9, ""n"": 5, ""o"": 3, ""p"": 1, ""q"": 2, ""r"": 3, ""s"": 7, ""t"": 4, ""u"": 3, ""v"": 4, ""w"": 7, ""x"": 9, ""y"": 6, ""z"": 5}"
9,random_92868,99,197103995034,99,0,0,0,0,0.0,0,0,1.0,3.22709766670269,1.6040036146475056,"{""0"": 78499012708, ""1"": 20358121478, ""2"": 27744499744, ""3"": 77963061813, ""4"": 65179633449, ""5"": 95254952776, ""6"": 79794699588, ""7"": 88791904643, ""8"": 21971771281, ""9"": 7120439183}",0.9197485975098995,0.9197485975098995,0.15216418125882608,0.07522932385326575,0.7726064948879081,0.5855511221887361,1633136882.7522583,"{""a"": 4, ""b"": 6, ""c"": 9, ""d"": 4, ""e"": 7, ""f"": 2, ""g"": 2, ""h"": 0, ""i"": 5, ""j"": 4, ""k"": 1, ""l"": 8, ""m"": 8, ""n"": 5, ""o"": 3, ""p"": 1, ""q"": 3, ""r"": 0, ""s"": 7, ""t"": 6, ""u"": 3, ""v"": 0, ""w"": 1, ""x"": 2, ""y"": 5, ""z"": 9}"
10,random_47876,99,197103995034,99,0,0,0,0,0.0,0,0,1.0,3.3040689552520823,1.610841974908887,"{""0"": 51122520554, ""1"": 12008427130, ""2"": 82703231693, ""3"": 76308118309, ""4"": 68067768948, ""5"": 89215619885, ""6"": 77103427402, ""7"": 27051594929, ""8"": 50195445415, ""9"": 28901942398}",0.9496595349139233,0.9496595349139233,0.1422206825298344,0.1105496604788852,0.7472296569912804,0.5885209885473268,1646282509.5181649,"{""a"": 8, ""b"": 1, ""c"": 6, ""d"": 5, ""e"": 5, ""f"": 0, ""g"": 1, ""h"": 3, ""i"": 2, ""j"": 4, ""k"": 3, ""l"": 7, ""m"": 5, ""n"": 2, ""o"": 4, ""p"": 4, ""q"": 2, ""r"": 3, ""s"": 9, ""t"": 6, ""u"": 0, ""v"": 9, ""w"": 7, ""x"": 1, ""y"": 0, ""z"": 8}"
11,random_54894,99,197103995034,99,0,0,0,0,0.0,0,0,1.0,3.769899100415613,1.627950732351466,"{""0"": 38277694361, ""1"": 26162325811, ""2"": 28293221932, ""3"": 114678877752, ""4"": 134923034544, ""5"": 76161203843, ""6"": 46402863162, ""7"": 61073973200, ""8"": 23644964579, ""9"": 13059937479}",0.9035488099319361,0.9035488099319361,0.09123801360753378,0.08851826770116956,0.8202437186912966,0.44367157150700504,1664050135.6607866,"{""a"": 7, ""b"": 9, ""c"": 0, ""d"": 0, ""e"": 5, ""f"": 2, ""g"": 2, ""h"": 3, ""i"": 3, ""j"": 5, ""k"": 2, ""l"": 7, ""m"": 8, ""n"": 6, ""o"": 4, ""p"": 6, ""q"": 1, ""r"": 3, ""s"": 1, ""t"": 4, ""u"": 5, ""v"": 9, ""w"": 0, ""x"": 1, ""y"": 8, ""z"": 4}"
12,random_49951,99,197103995034,99,0,0,0,0,0.0,0,0,1.0,3.3097158435853604,1.6466971567218225,"{""0"": 29410551921, ""1"": 31021982456, ""2"": 47911216435, ""3"": 44963246777, ""4"": 104138511008, ""5"": 99430097394, ""6"": 65997378036, ""7"": 73110710842, ""8"": 55601158298, ""9"": 11093243496}",0.9410535448488235,0.9410535448488235,0.07198395611489138,0.15394795224431929,0.7740680916407894,0.5041208705424894,1667073821.601021,"{""a"": 5, ""b"": 2, ""c"": 1, ""d"": 4, ""e"": 4, ""f"": 2, ""g"": 3, ""h"": 5, ""i"": 8, ""j"": 3, ""k"": 6, ""l"": 1, ""m"": 9, ""n"": 3, ""o"": 6, ""p"": 7, ""q"": 9, ""r"": 4, ""s"": 0, ""t"": 7, ""u"": 1, ""v"": 0, ""w"": 8, ""x"": 0, ""y"": 2, ""z"": 5}"
13,random_810,99,197103995034,99,0,0,0,0,0.0,0,0,1.0,3.8052338884639147,1.6594065227525205,"{""0"": 41826783432, ""1"": 22363432452, ""2"": 74231431851, ""3"": 77431335636, ""4"": 93581759478, ""5"": 126338079381, ""6"": 15492797557, ""7"": 68067768948, ""8"": 29264360729, ""9"": 14080347199}",0.9101729713755216,0.9101729713755216,0.09935899577851168,0.09175369271912674,0.8088873115023616,0.4551697480443185,1673237864.5550034,"{""a"": 3, ""b"": 1, ""c"": 5, ""d"": 6, ""e"": 2, ""f"": 3, ""g"": 3, ""h"": 5, ""i"": 4, ""j"": 1, ""k"": 9, ""l"": 4, ""m"": 2, ""n"": 4, ""o"": 7, ""p"": 7, ""q"": 2, ""r"": 8, ""s"": 0, ""t"": 5, ""u"": 9, ""v"": 8, ""w"": 0, ""x"": 6, ""y"": 1, ""z"": 0}"
14,random_50979,99,197103995034,99,0,0,0,0,0.0,0,0,1.0,4.046809428253387,1.6761288749221528,"{""0"": 42884115143, ""1"": 14220966119, ""2"": 13060330606, ""3"": 117422924414, ""4"": 64975875137, ""5"": 131056961419, ""6"": 78122376389, ""7"": 39039150107, ""8"": 50395579722, ""9"": 11499817607}",0.889001654456738,0.889001654456738,0.09665194553071738,0.1148374998497591,0.7885105546195236,0.5579339040351209,1673936350.3544729,"{""a"": 5, ""b"": 9, ""c"": 8, ""d"": 6, ""e"": 6, ""f"": 4, ""g"": 9, ""h"": 3, ""i"": 4, ""j"": 2, ""k"": 0, ""l"": 5, ""m"": 1, ""n"": 8, ""o"": 3, ""p"": 1, ""q"": 4, ""r"": 7, ""s"": 0, ""t"": 5, ""u"": 7, ""v"": 3, ""w"": 0, ""x"": 2, ""y"": 2, ""z"": 1}"
15,random_83987,99,197103995034,99,0,0,0,0,0.0,0,0,1.0,3.555274793431359,1.6452367870984144,"{""0"": 72664900847, ""1"": 16681676667, ""2"": 33831487182, ""3"": 103979196432, ""4"": 29325657640, ""5"": 93470585954, ""6"": 79794699588, ""7"": 66265910978, ""8"": 27235890221, ""9"": 39428091154}",0.9396445831904684,0.9396445831904684,0.1992133560303395,0.07805096226147075,0.7227356817081898,0.6359200988967385,1691727515.1496072,"{""a"": 5, ""b"": 6, ""c"": 2, ""d"": 4, ""e"": 7, ""f"": 8, ""g"": 8, ""h"": 0, ""i"": 9, ""j"": 9, ""k"": 2, ""l"": 0, ""m"": 4, ""n"": 5, ""o"": 3, ""p"": 7, ""q"": 5, ""r"": 3, ""s"": 2, ""t"": 6, ""u"": 3, ""v"": 4, ""w"": 1, ""x"": 1, ""y"": 0, ""z"": 1}"
16,random_97641,99,197103995034,99,0,0,0,0,0.0,0,0,1.0,3.1921693153731674,1.7026639675320099,"{""0"": 12566634023, ""1"": 50395579722, ""2"": 39768750102, ""3"": 86254229817, ""4"": 127357028368, ""5"": 107129248088, ""6"": 51252777126, ""7"": 26162325811, ""8"": 51979812237, ""9"": 9811711369}",0.9030643996799729,0.9030643996799729,0.039771132952777566,0.18194309066968145,0.7782857763775409,0.5319186415599588,1702086848.1340585,"{""a"": 6, ""b"": 9, ""c"": 1, ""d"": 4, ""e"": 4, ""f"": 2, ""g"": 0, ""h"": 4, ""i"": 8, ""j"": 9, ""k"": 6, ""l"": 0, ""m"": 2, ""n"": 1, ""o"": 5, ""p"": 2, ""q"": 1, ""r"": 5, ""s"": 7, ""t"": 3, ""u"": 3, ""v"": 3, ""w"": 5, ""x"": 7, ""y"": 8, ""z"": 0}"
17,random_98084,99,197103995034,99,0,0,0,0,0.0,0,0,1.0,3.1840616649487083,1.6134771702427533,"{""0"": 19901788917, ""1"": 79459806144, ""2"": 51979812237, ""3"": 24795899403, ""4"": 52870984125, ""5"": 135980366255, ""6"": 56298156027, ""7"": 88791904643, ""8"": 16173067144, ""9"": 36426311768}",0.9200941776637032,0.9200941776637032,0.10010715010777488,0.16996018479332523,0.7299326650988999,0.6212302437563709,1723460978.4838605,"{""a"": 1, ""b"": 3, ""c"": 0, ""d"": 3, ""e"": 7, ""f"": 9, ""g"": 0, ""h"": 4, ""i"": 2, ""j"": 8, ""k"": 5, ""l"": 9, ""m"": 0, ""n"": 6, ""o"": 5, ""p"": 4, ""q"": 2, ""r"": 1, ""s"": 7, ""t"": 5, ""u"": 6, ""v"": 1, ""w"": 8, ""x"": 4, ""y"": 2, ""z"": 3}"
18,random_16764,99,197103995034,99,0,0,0,0,0.0,0,0,1.0,3.3085673437898033,1.6354463717866035,"{""0"": 31973014337, ""1"": 12444469019, ""2"": 64218840013, ""3"": 35795945789, ""4"": 48488443145, ""5"": 76537469269, ""6"": 134923034544, ""7"": 50195445415, ""8"": 64826294593, ""9"": 43275140539}",0.9368118035482886,0.9368118035482886,0.13373215577834682,0.13732676653002743,0.7289410776916257,0.5822938940708415,1731814107.956785,"{""a"": 7, ""b"": 4, ""c"": 3, ""d"": 2, ""e"": 8, ""f"": 3, ""g"": 8, ""h"": 2, ""i"": 5, ""j"": 7, ""k"": 1, ""l"": 1, ""m"": 5, ""n"": 9, ""o"": 6, ""p"": 3, ""q"": 2, ""r"": 5, ""s"": 4, ""t"": 6, ""u"": 4, ""v"": 0, ""w"": 0, ""x"": 1, ""y"": 0, ""z"": 9}"
19,random_38918,99,197103995034,99,0,0,0,0,0.0,0,0,1.0,3.618198893766619,1.6447544147447561,"{""0"": 17254476518, ""1"": 65997378036, ""2"": 92022228847, ""3"": 82371225781, ""4"": 76161203843, ""5"": 95254952776, ""6"": 70491597742, ""7"": 11093243496, ""8"": 16672294272, ""9"": 35359495352}",0.9219220809327837,0.9219220809327837,0.0935063443592894,0.1469217884937729,0.7595718671469377,0.5164920823374369,1735449581.3567624,"{""a"": 2, ""b"": 9, ""c"": 3, ""d"": 8, ""e"": 4, ""f"": 9, ""g"": 8, ""h"": 3, ""i"": 5, ""j"": 1, ""k"": 1, ""l"": 0, ""m"": 7, ""n"": 5, ""o"": 1, ""p"": 0, ""q"": 7, ""r"": 3, ""s"": 2, ""t"": 6, ""u"": 4, ""v"": 0, ""w"": 2, ""x"": 6, ""y"": 5, ""z"": 4}"
20,random_20451,99,197103995034,99,0,0,0,0,0.0,0,0,1.0,3.4422700621819606,1.740822379408454,"{""0"": 51625215513, ""1"": 57986262265, ""2"": 52482878089, ""3"": 61073973200, ""4"": 98603616012, ""5"": 91464790467, ""6"": 77103427402, ""7"": 40485422865, ""8"": 3127722623, ""9"": 28724788227}",0.9374720113812867,0.9374720113812867,0.14279923852824744,0.10861269569659911,0.7485880657751535,0.5175660652187474,1736215882.6008117,"{""a"": 3, ""b"": 4, ""c"": 6, ""d"": 0, ""e"": 4, ""f"": 0, ""g"": 1, ""h"": 2, ""i"": 7, ""j"": 8, ""k"": 7, ""l"": 3, ""m"": 0, ""n"": 1, ""o"": 5, ""p"": 8, ""q"": 2, ""r"": 5, ""s"": 4, ""t"": 6, ""u"": 1, ""v"": 2, ""w"": 9, ""x"": 5, ""y"": 9, ""z"": 3}"
21,random_62930,99,197103995034,99,0,0,0,0,0.0,0,0,1.0,3.092109406594566,1.639245226350007,"{""0"": 62747166498, ""1"": 31236698167, ""2"": 47580698360, ""3"": 60113179764, ""4"": 27923622026, ""5"": 90956180944, ""6"": 88685972338, ""7"": 109411079373, ""8"": 26162325811, ""9"": 17861173382}",0.9373700706924791,0.9373700706924791,0.14325835741261858,0.10201041113632953,0.7547312314510519,0.497921237363058,1737614544.5784445,"{""a"": 0, ""b"": 4, ""c"": 1, ""d"": 4, ""e"": 6, ""f"": 6, ""g"": 9, ""h"": 3, ""i"": 7, ""j"": 3, ""k"": 2, ""l"": 3, ""m"": 1, ""n"": 2, ""o"": 5, ""p"": 4, ""q"": 0, ""r"": 5, ""s"": 8, ""t"": 7, ""u"": 1, ""v"": 2, ""w"": 9, ""x"": 8, ""y"": 0, ""z"": 5}"
22,random_79141,99,197103995034,99,0,0,0,0,0.0,0,0,1.0,3.459476536725589,1.639245226350007,"{""0"": 42676317264, ""1"": 11935859496, ""2"": 25333070817, ""3"": 98076620127, ""4"": 44180270666, ""5"": 75849161703, ""6"": 106413328894, ""7"": 79794699588, ""8"": 52362374602, ""9"": 26056393506}",0.9322382777566998,0.9322382777566998,0.12215281024376802,0.11427179141915239,0.7635753983370795,0.46891770474476463,1750164764.8278089,"{""a"": 5, ""b"": 7, ""c"": 3, ""d"": 4, ""e"": 6, ""f"": 9, ""g"": 2, ""h"": 8, ""i"": 0, ""j"": 1, ""k"": 1, ""l"": 1, ""m"": 2, ""n"": 6, ""o"": 3, ""p"": 8, ""q"": 0, ""r"": 3, ""s"": 5, ""t"": 7, ""u"": 4, ""v"": 0, ""w"": 4, ""x"": 9, ""y"": 2, ""z"": 5}"
23,random_20597,99,197103995034,99,0,0,0,0,0.0,0,0,1.0,3.1928003033548094,1.6039432943328518,"{""0"": 20143454671, ""1"": 44364423502, ""2"": 79924234359, ""3"": 76906493414, ""4"": 28675506606, ""5"": 47987905900, ""6"": 59448207683, ""7"": 133121176574, ""8"": 61786373062, ""9"": 10320320892}",0.9227722145794229,0.9227722145794229,0.054140681401439746,0.18865279667634902,0.7572065219222113,0.5054092791110976,1751689542.837967,"{""a"": 3, ""b"": 9, ""c"": 0, ""d"": 2, ""e"": 7, ""f"": 4, ""g"": 1, ""h"": 8, ""i"": 1, ""j"": 0, ""k"": 3, ""l"": 5, ""m"": 5, ""n"": 6, ""o"": 2, ""p"": 4, ""q"": 2, ""r"": 5, ""s"": 3, ""t"": 7, ""u"": 0, ""v"": 1, ""w"": 6, ""x"": 9, ""y"": 8, ""z"": 4}"
24,random_79049,99,197103995034,99,0,0,0,0,0.0,0,0,1.0,3.3460288399037017,1.645619512349554,"{""0"": 36641027479, ""1"": 27850432049, ""2"": 66368512559, ""3"": 18232414144, ""4"": 88370295193, ""5"": 86133726330, ""6"": 72949899724, ""7"": 88662743133, ""8"": 33136573802, ""9"": 44332472250}",0.9515163724594408,0.9515163724594408,0.14390732500379658,0.1083870266368773,0.7477056483593262,0.4697832780706375,1758233697.0117357,"{""a"": 2, ""b"": 6, ""c"": 8, ""d"": 3, ""e"": 6, ""f"": 0, ""g"": 1, ""h"": 7, ""i"": 7, ""j"": 0, ""k"": 9, ""l"": 4, ""m"": 0, ""n"": 9, ""o"": 4, ""p"": 5, ""q"": 3, ""r"": 8, ""s"": 1, ""t"": 5, ""u"": 5, ""v"": 3, ""w"": 2, ""x"": 1, ""y"": 4, ""z"": 2}"
25,random_29851,99,197103995034,99,0,0,0,0,0.0,0,0,1.0,3.0978235566340193,1.6319980834102934,"{""0"": 52482878089, ""1"": 51878850438, ""2"": 98603616012, ""3"": 85083500996, ""4"": 17230398855, ""5"": 62747166498, ""6"": 43783750062, ""7"": 109411079373, ""8"": 27235890221, ""9"": 14220966119}",0.9293540415745256,0.9293540415745256,0.11854707798933635,0.14060391034979902,0.7408490116608646,0.5291898185318648,1763642261.5847254,"{""a"": 5, ""b"": 2, ""c"": 3, ""d"": 1, ""e"": 2, ""f"": 8, ""g"": 8, ""h"": 0, ""i"": 7, ""j"": 4, ""k"": 4, ""l"": 1, ""m"": 9, ""n"": 6, ""o"": 3, ""p"": 9, ""q"": 0, ""r"": 1, ""s"": 2, ""t"": 7, ""u"": 3, ""v"": 0, ""w"": 4, ""x"": 6, ""y"": 5, ""z"": 5}"
26,random_1352,99,197103995034,99,0,0,0,0,0.0,0,0,1.0,3.283366318812389,1.6039729566235577,"{""0"": 50521334650, ""1"": 32983155002, ""2"": 40258905709, ""3"": 84361339579, ""4"": 35974037180, ""5"": 43275140539, ""6"": 112372840334, ""7"": 120178433634, ""8"": 13609052794, ""9"": 29143857242}",0.9223456172691415,0.9223456172691415,0.14158218058328506,0.08280437442352599,0.775613444993189,0.43546716627251214,1767038561.383661,"{""a"": 7, ""b"": 4, ""c"": 1, ""d"": 1, ""e"": 6, ""f"": 2, ""g"": 2, ""h"": 6, ""i"": 0, ""j"": 5, ""k"": 8, ""l"": 1, ""m"": 0, ""n"": 5, ""o"": 3, ""p"": 9, ""q"": 0, ""r"": 9, ""s"": 4, ""t"": 7, ""u"": 2, ""v"": 3, ""w"": 3, ""x"": 4, ""y"": 8, ""z"": 5}"
27,random_82430,99,197103995034,99,0,0,0,0,0.0,0,0,1.0,4.771870206926838,1.682890422093077,"{""0"": 43761466662, ""1"": 25653716288, ""2"": 7433280444, ""3"": 45471856300, ""4"": 184157686523, ""5"": 41747803715, ""6"": 76211580034, ""7"": 72949899724, ""8"": 25862715819, ""9"": 39428091154}",0.8780930655099978,0.8780930655099978,0.14784573685978045,0.09155578013880697,0.7605984830014126,0.5625536237676579,1773408501.2783046,"{""a"": 6, ""b"": 7, ""c"": 0, ""d"": 8, ""e"": 7, ""f"": 0, ""g"": 3, ""h"": 4, ""i"": 9, ""j"": 1, ""k"": 2, ""l"": 8, ""m"": 0, ""n"": 3, ""o"": 4, ""p"": 2, ""q"": 9, ""r"": 6, ""s"": 1, ""t"": 4, ""u"": 5, ""v"": 2, ""w"": 5, ""x"": 3, ""y"": 5, ""z"": 1}"
28,random_56586,99,197103995034,99,0,0,0,0,0.0,0,0,1.0,3.148640519939468,1.6170267201180832,"{""0"": 48379567071, ""1"": 42778182838, ""2"": 91145391877, ""3"": 64536915021, ""4"": 41116197392, ""5"": 50395579722, ""6"": 65448655848, ""7"": 69982988219, ""8"": 52362374602, ""9"": 36532244073}",0.9838403404565031,0.9838403404565031,0.15090655145024334,0.16908523364289,0.6800082149068667,0.5870999905398498,1779055419.9817512,"{""a"": 3, ""b"": 0, ""c"": 5, ""d"": 2, ""e"": 2, ""f"": 1, ""g"": 4, ""h"": 8, ""i"": 4, ""j"": 5, ""k"": 1, ""l"": 9, ""m"": 3, ""n"": 5, ""o"": 6, ""p"": 8, ""q"": 7, ""r"": 0, ""s"": 9, ""t"": 7, ""u"": 2, ""v"": 3, ""w"": 1, ""x"": 6, ""y"": 0, ""z"": 4}"
29,random_70351,99,197103995034,99,0,0,0,0,0.0,0,0,1.0,2.967286359031496,1.5975975821021877,"{""0"": 65448655848, ""1"": 16932150552, ""2"": 31923732716, ""3"": 94527917665, ""4"": 109411079373, ""5"": 80999361737, ""6"": 64218840013, ""7"": 38676731776, ""8"": 23430248868, ""9"": 37109378115}",0.9376475548964193,0.9376475548964193,0.18226768479389416,0.0717326650164133,0.7459996501896925,0.4813266154191967,1779237386.7766287,"{""a"": 3, ""b"": 1, ""c"": 1, ""d"": 6, ""e"": 5, ""f"": 2, ""g"": 5, ""h"": 6, ""i"": 4, ""j"": 0, ""k"": 3, ""l"": 8, ""m"": 9, ""n"": 3, ""o"": 0, ""p"": 2, ""q"": 4, ""r"": 9, ""s"": 7, ""t"": 4, ""u"": 7, ""v"": 2, ""w"": 5, ""x"": 0, ""y"": 8, ""z"": 1}"
30,random_85364,99,197103995034,99,0,0,0,0,0.0,0,0,1.0,3.4166644626550235,1.6172173494302569,"{""0"": 38713653767, ""1"": 23901543273, ""2"": 72060485508, ""3"": 64975875137, ""4"": 95158692192, ""5"": 131769361281, ""6"": 64195520066, ""7"": 11601853019, ""8"": 29143857242, ""9"": 31157255178}",0.9174796549252194,0.9174796549252194,0.12417563320728865,0.09427308585421983,0.7815512809384915,0.41220334169330036,1782000963.581911,"{""a"": 4, ""b"": 0, ""c"": 2, ""d"": 9, ""e"": 6, ""f"": 3, ""g"": 4, ""h"": 5, ""i"": 3, ""j"": 2, ""k"": 6, ""l"": 1, ""m"": 7, ""n"": 4, ""o"": 2, ""p"": 8, ""q"": 3, ""r"": 8, ""s"": 0, ""t"": 5, ""u"": 1, ""v"": 0, ""w"": 9, ""x"": 7, ""y"": 5, ""z"": 1}"
31,random_56703,99,197103995034,99,0,0,0,0,0.0,0,0,1.0,4.116743787679345,1.6304726798184073,"{""0"": 46343955442, ""1"": 23644964579, ""2"": 18620520180, ""3"": 33136573802, ""4"": 115862804542, ""5"": 17230398855, ""6"": 133121176574, ""7"": 82703231693, ""8"": 38570799471, ""9"": 53443671525}",0.90364719758575,0.90364719758575,0.17734407569585023,0.11057079424092521,0.7120851300632246,0.6479371970484514,1782325704.1902885,"{""a"": 9, ""b"": 0, ""c"": 3, ""d"": 2, ""e"": 6, ""f"": 8, ""g"": 4, ""h"": 4, ""i"": 7, ""j"": 3, ""k"": 5, ""l"": 0, ""m"": 1, ""n"": 7, ""o"": 4, ""p"": 2, ""q"": 1, ""r"": 3, ""s"": 0, ""t"": 6, ""u"": 8, ""v"": 9, ""w"": 5, ""x"": 2, ""y"": 1, ""z"": 5}"
32,random_69067,99,197103995034,99,0,0,0,0,0.0,0,0,1.0,3.437174978630626,1.6148865375361563,"{""0"": 35386447940, ""1"": 29652466765, ""2"": 115621066444, ""3"": 14984188034, ""4"": 59448207683, ""5"": 86621757183, ""6"": 71671094457, ""7"": 65997378036, ""8"": 50521334650, ""9"": 32774155471}",0.9433562714752364,0.9433562714752364,0.12113605241652556,0.14248608909868019,0.7363778584847943,0.4847383659464968,1793070333.8059683,"{""a"": 5, ""b"": 0, ""c"": 9, ""d"": 3, ""e"": 2, ""f"": 5, ""g"": 6, ""h"": 2, ""i"": 8, ""j"": 3, ""k"": 7, ""l"": 5, ""m"": 8, ""n"": 4, ""o"": 7, ""p"": 1, ""q"": 3, ""r"": 1, ""s"": 9, ""t"": 6, ""u"": 0, ""v"": 2, ""w"": 4, ""x"": 1, ""y"": 0, ""z"": 4}"
33,random_33957,99,197103995034,99,0,0,0,0,0.0,0,0,1.0,3.255148466414011,1.6268026870368035,"{""0"": 60505539394, ""1"": 68571948396, ""2"": 72949899724, ""3"": 61288688911, ""4"": 84109742114, ""5"": 63945773705, ""6"": 26162325811, ""7"": 90487830308, ""8"": 22104627217, ""9"": 12551721083}",0.9478264776308105,0.9478264776308105,0.12983846520820866,0.1611517778117959,0.7090097569799955,0.557404019546212,1793561357.9021506,"{""a"": 3, ""b"": 2, ""c"": 8, ""d"": 8, ""e"": 2, ""f"": 7, ""g"": 5, ""h"": 5, ""i"": 1, ""j"": 9, ""k"": 0, ""l"": 4, ""m"": 3, ""n"": 0, ""o"": 7, ""p"": 1, ""q"": 3, ""r"": 1, ""s"": 6, ""t"": 4, ""u"": 5, ""v"": 4, ""w"": 0, ""x"": 6, ""y"": 9, ""z"": 2}"
34,random_29416,99,197103995034,99,0,0,0,0,0.0,0,0,1.0,3.2164828585521037,1.6341781388674437,"{""0"": 40237100738, ""1"": 66386414465, ""2"": 42173529103, ""3"": 75849161703, ""4"": 75291045485, ""5"": 75818574110, ""6"": 50395579722, ""7"": 82534709302, ""8"": 24795899403, ""9"": 29196082632}",0.9698178475420124,0.9698178475420124,0.12339770071338857,0.16205058346639545,0.714551715820216,0.4960827343427262,1794263707.2997768,"{""a"": 3, ""b"": 8, ""c"": 6, ""d"": 8, ""e"": 1, ""f"": 4, ""g"": 2, ""h"": 4, ""i"": 2, ""j"": 5, ""k"": 2, ""l"": 5, ""m"": 0, ""n"": 6, ""o"": 5, ""p"": 0, ""q"": 3, ""r"": 0, ""s"": 3, ""t"": 7, ""u"": 9, ""v"": 1, ""w"": 9, ""x"": 4, ""y"": 7, ""z"": 1}"
35,random_72610,99,197103995034,99,0,0,0,0,0.0,0,0,1.0,3.0898637366631996,1.5975975821021877,"{""0"": 79924234359, ""1"": 18213682679, ""2"": 88400882786, ""3"": 27051594929, ""4"": 134809282812, ""5"": 46911472685, ""6"": 64975875137, ""7"": 29264360729, ""8"": 62257667467, ""9"": 10869043080}",0.9108288015628855,0.9108288015628855,0.16135918205712216,0.1430148971912017,0.6956259207516762,0.6701459943451469,1794945901.1395433,"{""a"": 2, ""b"": 9, ""c"": 1, ""d"": 0, ""e"": 4, ""f"": 6, ""g"": 4, ""h"": 8, ""i"": 6, ""j"": 3, ""k"": 9, ""l"": 3, ""m"": 1, ""n"": 5, ""o"": 0, ""p"": 5, ""q"": 0, ""r"": 7, ""s"": 2, ""t"": 4, ""u"": 8, ""v"": 7, ""w"": 3, ""x"": 5, ""y"": 2, ""z"": 1}"
36,random_62598,99,197103995034,99,0,0,0,0,0.0,0,0,1.0,3.234003129033706,1.5975975821021877,"{""0"": 37109378115, ""1"": 49239802523, ""2"": 111981818477, ""3"": 82170445180, ""4"": 39554034391, ""5"": 66386414465, ""6"": 32774155471, ""7"": 56298156027, ""8"": 71671094457, ""9"": 15492797557}",0.9514665712905951,0.9514665712905951,0.09348537997828725,0.21488466975535417,0.6916299502663585,0.5997034643320822,1796084080.1433086,"{""a"": 2, ""b"": 1, ""c"": 6, ""d"": 9, ""e"": 5, ""f"": 4, ""g"": 8, ""h"": 2, ""i"": 1, ""j"": 5, ""k"": 3, ""l"": 4, ""m"": 0, ""n"": 7, ""o"": 3, ""p"": 4, ""q"": 1, ""r"": 0, ""s"": 6, ""t"": 8, ""u"": 7, ""v"": 5, ""w"": 3, ""x"": 9, ""y"": 2, ""z"": 0}"
37,random_8958,99,197103995034,99,0,0,0,0,0.0,0,0,1.0,3.3798322185711442,1.6103186688542217,"{""0"": 3127722623, ""1"": 37153533895, ""2"": 77527596220, ""3"": 92947249847, ""4"": 122465866308, ""5"": 51252777126, ""6"": 11601853019, ""7"": 79311255499, ""8"": 50395579722, ""9"": 36894662404}",0.9033065230208516,0.9033065230208516,0.07112838630889566,0.15559360518245843,0.7732780085086459,0.4470419953239811,1800063009.4447021,"{""a"": 5, ""b"": 1, ""c"": 8, ""d"": 3, ""e"": 7, ""f"": 2, ""g"": 1, ""h"": 4, ""i"": 2, ""j"": 5, ""k"": 5, ""l"": 9, ""m"": 6, ""n"": 8, ""o"": 3, ""p"": 0, ""q"": 0, ""r"": 9, ""s"": 1, ""t"": 4, ""u"": 3, ""v"": 4, ""w"": 7, ""x"": 6, ""y"": 2, ""z"": 0}"
38,random_72671,99,197103995034,99,0,0,0,0,0.0,0,0,1.0,4.098921389704134,1.6442924159050862,"{""0"": 44963246777, ""1"": 42697811286, ""2"": 81918847715, ""3"": 117302420927, ""4"": 88294950481, ""5"": 18213682679, ""6"": 63138188355, ""7"": 54412279188, ""8"": 35465427657, ""9"": 16271241598}",0.9357793179112358,0.9357793179112358,0.10882685631119324,0.13891288714906855,0.7522602565397383,0.4437811143597989,1801411739.938993,"{""a"": 4, ""b"": 8, ""c"": 5, ""d"": 7, ""e"": 6, ""f"": 4, ""g"": 0, ""h"": 3, ""i"": 7, ""j"": 6, ""k"": 2, ""l"": 2, ""m"": 5, ""n"": 0, ""o"": 3, ""p"": 3, ""q"": 0, ""r"": 1, ""s"": 8, ""t"": 2, ""u"": 9, ""v"": 9, ""w"": 1, ""x"": 1, ""y"": 4, ""z"": 5}"
39,random_47201,99,197103995034,99,0,0,0,0,0.0,0,0,1.0,3.199785356051293,1.6480645388033144,"{""0"": 42335392955, ""1"": 76272876945, ""2"": 41698522094, ""3"": 44332472250, ""4"": 81482805826, ""5"": 60113179764, ""6"": 89154322974, ""7"": 72060485508, ""8"": 42676317264, ""9"": 12551721083}",0.9610477734601582,0.9610477734601582,0.09754620690499896,0.21139830200328774,0.6910554910917133,0.5747326815186318,1803506776.1277008,"{""a"": 1, ""b"": 4, ""c"": 7, ""d"": 1, ""e"": 6, ""f"": 2, ""g"": 4, ""h"": 5, ""i"": 8, ""j"": 9, ""k"": 3, ""l"": 5, ""m"": 1, ""n"": 3, ""o"": 7, ""p"": 2, ""q"": 3, ""r"": 6, ""s"": 0, ""t"": 4, ""u"": 2, ""v"": 8, ""w"": 0, ""x"": 0, ""y"": 9, ""z"": 5}"
40,random_66082,99,197103995034,99,0,0,0,0,0.0,0,0,1.0,3.2792282778768955,1.6367369246034356,"{""0"": 46911472685, ""1"": 51883551653, ""2"": 90802762144, ""3"": 28724788227, ""4"": 112659305483, ""5"": 75288763562, ""6"": 32774155471, ""7"": 74782435962, ""8"": 26016134619, ""9"": 22834726857}",0.942547670580814,0.942547670580814,0.12395399777534347,0.1384444973671257,0.7376015048575308,0.4702200895714753,1805354386.016749,"{""a"": 1, ""b"": 9, ""c"": 6, ""d"": 2, ""e"": 5, ""f"": 7, ""g"": 1, ""h"": 7, ""i"": 4, ""j"": 8, ""k"": 5, ""l"": 2, ""m"": 5, ""n"": 0, ""o"": 2, ""p"": 0, ""q"": 1, ""r"": 8, ""s"": 6, ""t"": 4, ""u"": 9, ""v"": 4, ""w"": 3, ""x"": 0, ""y"": 3, ""z"": 3}"
41,random_99006,99,197103995034,99,0,0,0,0,0.0,0,0,1.0,3.2995141555898777,1.6134771702427533,"{""0"": 44963246777, ""1"": 79288926466, ""2"": 83043318825, ""3"": 77090621532, ""4"": 79459806144, ""5"": 81148942281, ""6"": 32774155471, ""7"": 49234651979, ""8"": 14984188034, ""9"": 20690239154}",0.9490354511845329,0.9490354511845329,0.11668036541738941,0.1675436009666859,0.7157760336159247,0.5225878453060663,1805485555.554819,"{""a"": 4, ""b"": 9, ""c"": 6, ""d"": 8, ""e"": 1, ""f"": 5, ""g"": 0, ""h"": 7, ""i"": 5, ""j"": 7, ""k"": 3, ""l"": 9, ""m"": 3, ""n"": 0, ""o"": 3, ""p"": 1, ""q"": 8, ""r"": 4, ""s"": 6, ""t"": 2, ""u"": 1, ""v"": 4, ""w"": 5, ""x"": 2, ""y"": 2, ""z"": 0}"
42,random_29991,99,197103995034,99,0,0,0,0,0.0,0,0,1.0,3.285083805345027,1.675958008867438,"{""0"": 19800016895, ""1"": 39889253589, ""2"": 20690239154, ""3"": 82371225781, ""4"": 82534709302, ""5"": 91102372136, ""6"": 76161203843, ""7"": 39428091154, ""8"": 44332472250, ""9"": 66368512559}",0.9527403634234696,0.9527403634234696,0.1531400101852697,0.1496801214379635,0.6971798683767668,0.5698986111342,1806537997.6694114,"{""a"": 9, ""b"": 2, ""c"": 3, ""d"": 0, ""e"": 6, ""f"": 1, ""g"": 0, ""h"": 3, ""i"": 7, ""j"": 4, ""k"": 8, ""l"": 2, ""m"": 1, ""n"": 8, ""o"": 5, ""p"": 0, ""q"": 2, ""r"": 3, ""s"": 5, ""t"": 4, ""u"": 6, ""v"": 1, ""w"": 9, ""x"": 5, ""y"": 4, ""z"": 7}"
43,random_55465,99,197103995034,99,0,0,0,0,0.0,0,0,1.0,3.131167176370729,1.6242199924805,"{""0"": 26077431530, ""1"": 42948285171, ""2"": 133121176574, ""3"": 79097387813, ""4"": 67685484274, ""5"": 23430248868, ""6"": 59448207683, ""7"": 26056393506, ""8"": 42555813777, ""9"": 62257667467}",0.9386276776903315,0.9386276776903315,0.15699047025444424,0.151959174268712,0.6910503554768438,0.6155785505461753,1807458444.5037718,"{""a"": 3, ""b"": 1, ""c"": 1, ""d"": 0, ""e"": 2, ""f"": 7, ""g"": 4, ""h"": 9, ""i"": 8, ""j"": 0, ""k"": 4, ""l"": 5, ""m"": 0, ""n"": 6, ""o"": 4, ""p"": 8, ""q"": 2, ""r"": 1, ""s"": 3, ""t"": 2, ""u"": 9, ""v"": 3, ""w"": 6, ""x"": 7, ""y"": 5, ""z"": 5}"
44,random_53754,99,197103995034,99,0,0,0,0,0.0,0,0,1.0,3.3589224271877223,1.6163881497990074,"{""0"": 35127642705, ""1"": 66386414465, ""2"": 88585010904, ""3"": 71040319930, ""4"": 65081807442, ""5"": 70326735468, ""6"": 26524744142, ""7"": 52362374602, ""8"": 51883551653, ""9"": 35359495352}",0.9753018750750734,0.9753018750750734,0.1252708048794305,0.21019116759548298,0.6645380275250865,0.6185391897604334,1810639653.5810122,"{""a"": 8, ""b"": 9, ""c"": 0, ""d"": 0, ""e"": 1, ""f"": 9, ""g"": 8, ""h"": 7, ""i"": 4, ""j"": 4, ""k"": 3, ""l"": 5, ""m"": 2, ""n"": 5, ""o"": 2, ""p"": 7, ""q"": 1, ""r"": 6, ""s"": 4, ""t"": 3, ""u"": 0, ""v"": 1, ""w"": 5, ""x"": 6, ""y"": 2, ""z"": 3}"
45,random_61465,99,197103995034,99,0,0,0,0,0.0,0,0,1.0,2.984808743361678,1.6539287540963663,"{""0"": 19687073206, ""1"": 12939433992, ""2"": 83006003707, ""3"": 105327390118, ""4"": 38714046894, ""5"": 39889253589, ""6"": 50195445415, ""7"": 82703231693, ""8"": 50291983690, ""9"": 79924234359}",0.9390728444974511,0.9390728444974511,0.17703071819527277,0.11237582919434423,0.710593452610383,0.5498773381846521,1813550522.3121696,"{""a"": 6, ""b"": 1, ""c"": 0, ""d"": 9, ""e"": 3, ""f"": 5, ""g"": 0, ""h"": 8, ""i"": 7, ""j"": 1, ""k"": 8, ""l"": 0, ""m"": 5, ""n"": 7, ""o"": 9, ""p"": 1, ""q"": 6, ""r"": 3, ""s"": 4, ""t"": 2, ""u"": 2, ""v"": 5, ""w"": 3, ""x"": 4, ""y"": 4, ""z"": 2}"
46,random_76515,99,197103995034,99,0,0,0,0,0.0,0,0,1.0,3.879641441834257,1.5975975821021877,"{""0"": 43659694640, ""1"": 39076465225, ""2"": 65081807442, ""3"": 114174698304, ""4"": 16029575844, ""5"": 84063335418, ""6"": 54153668324, ""7"": 60007156784, ""8"": 7120439183, ""9"": 79311255499}",0.9283358760921072,0.9283358760921072,0.21854582730034708,0.08210183528019631,0.6993523374194566,0.6022572664636879,1816327081.0592136,"{""a"": 7, ""b"": 7, ""c"": 8, ""d"": 0, ""e"": 9, ""f"": 0, ""g"": 4, ""h"": 3, ""i"": 2, ""j"": 3, ""k"": 5, ""l"": 6, ""m"": 4, ""n"": 6, ""o"": 3, ""p"": 0, ""q"": 2, ""r"": 1, ""s"": 2, ""t"": 5, ""u"": 5, ""v"": 4, ""w"": 9, ""x"": 1, ""y"": 1, ""z"": 8}"
47,random_76449,99,197103995034,99,0,0,0,0,0.0,0,0,1.0,3.345810062673983,1.6571809969435467,"{""0"": 75849161703, ""1"": 36426311768, ""2"": 49743261502, ""3"": 62696433793, ""4"": 85972915212, ""5"": 84222815540, ""6"": 26077431530, ""7"": 90956180944, ""8"": 42555813777, ""9"": 8177770894}",0.9430022377029922,0.9430022377029922,0.14933393195030575,0.1403682247690265,0.7102978432806678,0.5396723179784175,1816736769.2815545,"{""a"": 0, ""b"": 4, ""c"": 9, ""d"": 6, ""e"": 4, ""f"": 1, ""g"": 5, ""h"": 2, ""i"": 8, ""j"": 2, ""k"": 9, ""l"": 1, ""m"": 6, ""n"": 3, ""o"": 7, ""p"": 8, ""q"": 0, ""r"": 7, ""s"": 0, ""t"": 5, ""u"": 4, ""v"": 3, ""w"": 3, ""x"": 2, ""y"": 5, ""z"": 1}"
48,random_72188,99,197103995034,99,0,0,0,0,0.0,0,0,1.0,3.18068487010046,1.6749415638533962,"{""0"": 48947222615, ""1"": 39768750102, ""2"": 78000376931, ""3"": 109661555004, ""4"": 121235765345, ""5"": 80428413807, ""6"": 11499817607, ""7"": 10878527785, ""8"": 49234651979, ""9"": 13023015488}",0.8934468597014114,0.8934468597014114,0.11013444182476381,0.15817818857503183,0.7316873696002044,0.5727270508879804,1818596883.1786036,"{""a"": 4, ""b"": 6, ""c"": 0, ""d"": 5, ""e"": 3, ""f"": 1, ""g"": 6, ""h"": 8, ""i"": 5, ""j"": 9, ""k"": 4, ""l"": 7, ""m"": 1, ""n"": 3, ""o"": 2, ""p"": 1, ""q"": 8, ""r"": 5, ""s"": 0, ""t"": 4, ""u"": 9, ""v"": 3, ""w"": 0, ""x"": 2, ""y"": 2, ""z"": 7}"
49,random_1215,99,197103995034,99,0,0,0,0,0.0,0,0,1.0,2.9817046512254715,1.6181811948762472,"{""0"": 82703231693, ""1"": 10320320892, ""2"": 45316924386, ""3"": 41924957886, ""4"": 91017477855, ""5"": 62747166498, ""6"": 133121176574, ""7"": 60113179764, ""8"": 8177770894, ""9"": 27235890221}",0.9028330442267422,0.9028330442267422,0.19538546562590814,0.03287508772014437,0.7717394466539474,0.4322748320349398,1820098439.7839975,"{""a"": 5, ""b"": 1, ""c"": 8, ""d"": 4, ""e"": 6, ""f"": 9, ""g"": 9, ""h"": 7, ""i"": 0, ""j"": 1, ""k"": 8, ""l"": 7, ""m"": 4, ""n"": 0, ""o"": 4, ""p"": 2, ""q"": 5, ""r"": 2, ""s"": 3, ""t"": 6, ""u"": 3, ""v"": 3, ""w"": 2, ""x"": 1, ""y"": 5, ""z"": 0}"
50,random_76076,99,197103995034,99,0,0,0,0,0.0,0,0,1.0,3.243752691185749,1.6450399888955505,"{""0"": 46706373773, ""1"": 19901788917, ""2"": 75743229398, ""3"": 83043318825, ""4"": 43275140539, ""5"": 55469610899, ""6"": 68188272435, ""7"": 52362374602, ""8"": 38676731776, ""9"": 79311255499}",0.9727077489161442,0.9727077489161442,0.22396043140715083,0.10410663048802472,0.6719329381048245,0.5918760060869575,1820166383.7155378,"{""a"": 2, ""b"": 0, ""c"": 1, ""d"": 5, ""e"": 9, ""f"": 2, ""g"": 1, ""h"": 7, ""i"": 5, ""j"": 4, ""k"": 5, ""l"": 0, ""m"": 1, ""n"": 4, ""o"": 6, ""p"": 7, ""q"": 2, ""r"": 0, ""s"": 8, ""t"": 3, ""u"": 8, ""v"": 6, ""w"": 9, ""x"": 3, ""y"": 3, ""z"": 4}"
51,random_79334,99,197103995034,99,0,0,0,0,0.0,0,0,1.0,3.2744443182324585,1.6605136683837511,"{""0"": 75919538089, ""1"": 53523302345, ""2"": 65997378036, ""3"": 54412279188, ""4"": 83043318825, ""5"": 52705311217, ""6"": 62257667467, ""7"": 53443671525, ""8"": 25547783983, ""9"": 35827845988}",0.9808239118509361,0.9808239118509361,0.19859913641516405,0.14052632721432798,0.660874536370508,0.6055465214290747,1823391363.79494,"{""a"": 7, ""b"": 9, ""c"": 1, ""d"": 3, ""e"": 0, ""f"": 8, ""g"": 0, ""h"": 6, ""i"": 3, ""j"": 2, ""k"": 2, ""l"": 5, ""m"": 0, ""n"": 1, ""o"": 2, ""p"": 1, ""q"": 3, ""r"": 9, ""s"": 5, ""t"": 4, ""u"": 6, ""v"": 7, ""w"": 5, ""x"": 4, ""y"": 4, ""z"": 8}"
52,random_84500,99,197103995034,99,0,0,0,0,0.0,0,0,1.0,3.2764530782777923,1.6072876127972557,"{""0"": 57514967860, ""1"": 49234651979, ""2"": 81148942281, ""3"": 40237100738, ""4"": 15184085606, ""5"": 77103427402, ""6"": 75849161703, ""7"": 79924234359, ""8"": 72949899724, ""9"": 13531625011}",0.9493166991655757,0.9493166991655757,0.12626507641286655,0.21714822813900814,0.6565866954481253,0.6796528536754806,1825137326.6443052,"{""a"": 6, ""b"": 8, ""c"": 5, ""d"": 7, ""e"": 8, ""f"": 2, ""g"": 0, ""h"": 1, ""i"": 2, ""j"": 1, ""k"": 4, ""l"": 4, ""m"": 3, ""n"": 0, ""o"": 7, ""p"": 3, ""q"": 1, ""r"": 3, ""s"": 6, ""t"": 5, ""u"": 9, ""v"": 4, ""w"": 2, ""x"": 9, ""y"": 0, ""z"": 5}"
53,random_9140,99,197103995034,99,0,0,0,0,0.0,0,0,1.0,3.1519509411812465,1.6272889486875808,"{""0"": 55601158298, ""1"": 86621757183, ""2"": 24702296290, ""3"": 75308711618, ""4"": 64727449536, ""5"": 79794699588, ""6"": 89154322974, ""7"": 43275140539, ""8"": 16150738111, ""9"": 27341822526}",0.9497966687614,0.9497966687614,0.1474075165105926,0.1826488287059673,0.6699436547834401,0.6380480016735863,1825703049.410387,"{""a"": 1, ""b"": 5, ""c"": 3, ""d"": 4, ""e"": 6, ""f"": 1, ""g"": 9, ""h"": 4, ""i"": 0, ""j"": 7, ""k"": 2, ""l"": 1, ""m"": 2, ""n"": 7, ""o"": 3, ""p"": 8, ""q"": 0, ""r"": 6, ""s"": 9, ""t"": 5, ""u"": 8, ""v"": 3, ""w"": 0, ""x"": 4, ""y"": 2, ""z"": 5}"
54,random_89362,99,197103995034,99,0,0,0,0,0.0,0,0,1.0,3.448309434254529,1.6413450612768872,"{""0"": 42335392955, ""1"": 24116258984, ""2"": 8177770894, ""3"": 103670160372, ""4"": 55228038347, ""5"": 74798817080, ""6"": 99430097394, ""7"": 64940046325, ""8"": 53086851908, ""9"": 36894662404}",0.9362287025496069,0.9362287025496069,0.1408088493738767,0.13720653309566908,0.7219846175304542,0.5088360348534158,1825924802.2481952,"{""a"": 6, ""b"": 8, ""c"": 2, ""d"": 3, ""e"": 3, ""f"": 3, ""g"": 5, ""h"": 6, ""i"": 4, ""j"": 1, ""k"": 2, ""l"": 9, ""m"": 1, ""n"": 8, ""o"": 7, ""p"": 5, ""q"": 2, ""r"": 9, ""s"": 0, ""t"": 5, ""u"": 1, ""v"": 4, ""w"": 0, ""x"": 0, ""y"": 4, ""z"": 7}"
55,random_3623,99,197103995034,99,0,0,0,0,0.0,0,0,1.0,3.204232499559718,1.6450673588938047,"{""0"": 90487830308, ""1"": 18620256790, ""2"": 73110710842, ""3"": 68152879381, ""4"": 89000904174, ""5"": 50132393603, ""6"": 43783750062, ""7"": 52482878089, ""8"": 50195445415, ""9"": 26711047999}",0.9619080778276089,0.9619080778276089,0.20828761418305736,0.12230030387377101,0.6694120819431716,0.614230671457355,1826875059.9263225,"{""a"": 8, ""b"": 1, ""c"": 1, ""d"": 4, ""e"": 4, ""f"": 0, ""g"": 1, ""h"": 7, ""i"": 3, ""j"": 2, ""k"": 9, ""l"": 4, ""m"": 5, ""n"": 6, ""o"": 0, ""p"": 2, ""q"": 0, ""r"": 5, ""s"": 9, ""t"": 2, ""u"": 5, ""v"": 7, ""w"": 3, ""x"": 6, ""y"": 3, ""z"": 8}"
56,random_55863,99,197103995034,99,0,0,0,0,0.0,0,0,1.0,3.698931799369345,1.628828765239486,"{""0"": 26077431530, ""1"": 65448655848, ""2"": 67132332011, ""3"": 111981818477, ""4"": 41819025581, ""5"": 90673227373, ""6"": 10248161806, ""7"": 59448207683, ""8"": 64195520066, ""9"": 25653716288}",0.9353683827698763,0.9353683827698763,0.09193737613885279,0.23040558479681977,0.6776570390643274,0.6418678096517159,1827572197.5959203,"{""a"": 3, ""b"": 5, ""c"": 6, ""d"": 0, ""e"": 8, ""f"": 4, ""g"": 2, ""h"": 3, ""i"": 2, ""j"": 0, ""k"": 8, ""l"": 5, ""m"": 0, ""n"": 7, ""o"": 1, ""p"": 6, ""q"": 1, ""r"": 2, ""s"": 9, ""t"": 5, ""u"": 4, ""v"": 4, ""w"": 7, ""x"": 1, ""y"": 3, ""z"": 9}"
57,random_72186,99,197103995034,99,0,0,0,0,0.0,0,0,1.0,3.165420161556724,1.6293095931039017,"{""0"": 49234651979, ""1"": 51410499802, ""2"": 42335392955, ""3"": 65997378036, ""4"": 92817715076, ""5"": 68074520703, ""6"": 37109378115, ""7"": 93470585954, ""8"": 42555813777, ""9"": 19672160266}",0.9644017686057172,0.9644017686057172,0.12246222601102913,0.16699834974254996,0.7105394242464209,0.48238917467399367,1830296872.3186717,"{""a"": 7, ""b"": 4, ""c"": 9, ""d"": 1, ""e"": 5, ""f"": 1, ""g"": 5, ""h"": 0, ""i"": 8, ""j"": 0, ""k"": 3, ""l"": 1, ""m"": 6, ""n"": 7, ""o"": 3, ""p"": 8, ""q"": 3, ""r"": 6, ""s"": 2, ""t"": 4, ""u"": 4, ""v"": 5, ""w"": 2, ""x"": 2, ""y"": 9, ""z"": 0}"
58,random_96418,99,197103995034,99,0,0,0,0,0.0,0,0,1.0,3.3319073663814636,1.7033029408769096,"{""0"": 53443671525, ""1"": 27923622026, ""2"": 62257667467, ""3"": 77633528525, ""4"": 37698359190, ""5"": 54153668324, ""6"": 64826294593, ""7"": 70491597742, ""8"": 23293506327, ""9"": 90956180944}",0.969125648075847,0.969125648075847,0.25662959572333266,0.09102385299293965,0.6523465512837276,0.6455878040548755,1832201124.139023,"{""a"": 0, ""b"": 1, ""c"": 8, ""d"": 1, ""e"": 6, ""f"": 4, ""g"": 6, ""h"": 2, ""i"": 3, ""j"": 0, ""k"": 4, ""l"": 5, ""m"": 4, ""n"": 5, ""o"": 9, ""p"": 1, ""q"": 2, ""r"": 9, ""s"": 3, ""t"": 7, ""u"": 2, ""v"": 0, ""w"": 8, ""x"": 7, ""y"": 3, ""z"": 5}"
59,random_5199,99,197103995034,99,0,0,0,0,0.0,0,0,1.0,3.56544279588435,1.6281751400860345,"{""0"": 79459806144, ""1"": 71040319930, ""2"": 96097301503, ""3"": 76161203843, ""4"": 38714046894, ""5"": 88662743133, ""6"": 54153668324, ""7"": 35359495352, ""8"": 18213682679, ""9"": 4815828861}",0.9278843516829695,0.9278843516829695,0.14977592962086542,0.15862355961308397,0.6916005107660507,0.6079728555650201,1834502966.5119116,"{""a"": 0, ""b"": 7, ""c"": 8, ""d"": 2, ""e"": 3, ""f"": 7, ""g"": 9, ""h"": 5, ""i"": 5, ""j"": 3, ""k"": 1, ""l"": 6, ""m"": 8, ""n"": 6, ""o"": 2, ""p"": 9, ""q"": 5, ""r"": 0, ""s"": 4, ""t"": 1, ""u"": 3, ""v"": 0, ""w"": 2, ""x"": 4, ""y"": 4, ""z"": 1}"
60,random_50232,99,197103995034,99,0,0,0,0,0.0,0,0,1.0,3.3917578738862204,1.5975975821021877,"{""0"": 51979812237, ""1"": 53086851908, ""2"": 29143857242, ""3"": 42035782963, ""4"": 125395855822, ""5"": 16029575844, ""6"": 120178433634, ""7"": 90487830308, ""8"": 26162325811, ""9"": 8177770894}",0.8918672954091612,0.8918672954091612,0.1069129640690984,0.1408428339204823,0.7522442020104193,0.49504946113131215,1837485576.9315495,"{""a"": 6, ""b"": 1, ""c"": 9, ""d"": 3, ""e"": 4, ""f"": 7, ""g"": 5, ""h"": 4, ""i"": 0, ""j"": 0, ""k"": 9, ""l"": 3, ""m"": 5, ""n"": 1, ""o"": 7, ""p"": 2, ""q"": 1, ""r"": 2, ""s"": 8, ""t"": 6, ""u"": 4, ""v"": 5, ""w"": 3, ""x"": 8, ""y"": 0, ""z"": 2}"
61,random_93419,99,197103995034,99,0,0,0,0,0.0,0,0,1.0,3.807114975739371,1.6543127011745924,"{""0"": 60621789287, ""1"": 48947222615, ""2"": 69245604146, ""3"": 15679443706, ""4"": 53086851908, ""5"": 120178433634, ""6"": 64975875137, ""7"": 41000322653, ""8"": 76161203843, ""9"": 12781349734}",0.937771003753913,0.937771003753913,0.13045316577332974,0.22234458245302932,0.647202251773641,0.7178767122850849,1837969647.4584973,"{""a"": 5, ""b"": 4, ""c"": 1, ""d"": 7, ""e"": 8, ""f"": 6, ""g"": 9, ""h"": 0, ""i"": 6, ""j"": 4, ""k"": 2, ""l"": 0, ""m"": 9, ""n"": 4, ""o"": 2, ""p"": 3, ""q"": 3, ""r"": 7, ""s"": 1, ""t"": 5, ""u"": 8, ""v"": 2, ""w"": 1, ""x"": 0, ""y"": 3, ""z"": 5}"
62,random_96214,99,197103995034,99,0,0,0,0,0.0,0,0,1.0,2.987981968125043,1.6423153900719327,"{""0"": 39603316012, ""1"": 83051956982, ""2"": 50521334650, ""3"": 120178433634, ""4"": 85972915212, ""5"": 28901942398, ""6"": 50291983690, ""7"": 33136573802, ""8"": 43783750062, ""9"": 27235890221}",0.9479516908148468,0.9479516908148468,0.11878764542176845,0.2254143315622336,0.655798023015998,0.6685078758424097,1841143168.2206402,"{""a"": 3, ""b"": 4, ""c"": 7, ""d"": 1, ""e"": 4, ""f"": 9, ""g"": 9, ""h"": 6, ""i"": 2, ""j"": 2, ""k"": 6, ""l"": 0, ""m"": 2, ""n"": 8, ""o"": 1, ""p"": 1, ""q"": 3, ""r"": 7, ""s"": 5, ""t"": 3, ""u"": 4, ""v"": 5, ""w"": 0, ""x"": 8, ""y"": 0, ""z"": 5}"
63,random_22225,99,197103995034,99,0,0,0,0,0.0,0,0,1.0,3.1229385651408035,1.6039729566235577,"{""0"": 42585866840, ""1"": 52362374602, ""2"": 27704240857, ""3"": 92947249847, ""4"": 26893190689, ""5"": 93470585954, ""6"": 133121176574, ""7"": 16681676667, ""8"": 40485422865, ""9"": 36426311768}",0.9196035746963993,0.9196035746963993,0.1404216355258664,0.16501050603824827,0.6945678584358853,0.6081574405361636,1841869655.3904307,"{""a"": 5, ""b"": 0, ""c"": 0, ""d"": 3, ""e"": 6, ""f"": 9, ""g"": 2, ""h"": 1, ""i"": 8, ""j"": 5, ""k"": 8, ""l"": 9, ""m"": 4, ""n"": 5, ""o"": 3, ""p"": 1, ""q"": 1, ""r"": 2, ""s"": 0, ""t"": 6, ""u"": 3, ""v"": 4, ""w"": 7, ""x"": 7, ""y"": 4, ""z"": 2}"
64,random_78775,99,197103995034,99,0,0,0,0,0.0,0,0,1.0,3.362166726416105,1.652084617076529,"{""0"": 35827845988, ""1"": 55610600712, ""2"": 84391337931, ""3"": 26586041053, ""4"": 49555259561, ""5"": 76800561109, ""6"": 133121176574, ""7"": 16173067144, ""8"": 72060485508, ""9"": 12551721083}",0.9162462146126946,0.9162462146126946,0.08598089628495982,0.2268989800334541,0.687120123681586,0.6319096600405203,1847098533.5773127,"{""a"": 5, ""b"": 0, ""c"": 8, ""d"": 3, ""e"": 6, ""f"": 5, ""g"": 2, ""h"": 1, ""i"": 2, ""j"": 0, ""k"": 5, ""l"": 4, ""m"": 3, ""n"": 2, ""o"": 8, ""p"": 1, ""q"": 7, ""r"": 0, ""s"": 4, ""t"": 6, ""u"": 4, ""v"": 1, ""w"": 7, ""x"": 3, ""y"": 9, ""z"": 9}"
65,random_80436,99,197103995034,99,0,0,0,0,0.0,0,0,1.0,3.500658193807678,1.6547698407266571,"{""0"": 16041519745, ""1"": 61288688911, ""2"": 35386447940, ""3"": 115621066444, ""4"": 65081807442, ""5"": 92644287182, ""6"": 41720851127, ""7"": 54153668324, ""8"": 77103427402, ""9"": 3636332146}",0.9170987113658291,0.9170987113658291,0.034971775172520154,0.2459525564150154,0.7190756684124644,0.5335573708745642,1847867891.046938,"{""a"": 1, ""b"": 2, ""c"": 8, ""d"": 0, ""e"": 3, ""f"": 6, ""g"": 5, ""h"": 3, ""i"": 4, ""j"": 0, ""k"": 0, ""l"": 7, ""m"": 1, ""n"": 7, ""o"": 5, ""p"": 9, ""q"": 4, ""r"": 5, ""s"": 4, ""t"": 8, ""u"": 2, ""v"": 3, ""w"": 6, ""x"": 9, ""y"": 2, ""z"": 1}"
66,random_65522,99,197103995034,99,0,0,0,0,0.0,0,0,1.0,3.328797208660438,1.651442733415175,"{""0"": 2196715761, ""1"": 89766623996, ""2"": 68571948396, ""3"": 28724788227, ""4"": 56298156027, ""5"": 77264942250, ""6"": 120178433634, ""7"": 35465427657, ""8"": 12150575207, ""9"": 72060485508}",0.9015016069573512,0.9015016069573512,0.1319710180818967,0.18112878359301127,0.686900198325092,0.6572104295501355,1851876553.0747995,"{""a"": 6, ""b"": 7, ""c"": 9, ""d"": 1, ""e"": 5, ""f"": 1, ""g"": 0, ""h"": 1, ""i"": 2, ""j"": 4, ""k"": 8, ""l"": 5, ""m"": 8, ""n"": 4, ""o"": 9, ""p"": 2, ""q"": 3, ""r"": 2, ""s"": 7, ""t"": 6, ""u"": 4, ""v"": 5, ""w"": 3, ""x"": 0, ""y"": 3, ""z"": 0}"
67,random_97276,99,197103995034,99,0,0,0,0,0.0,0,0,1.0,4.25619170379215,1.6527099874754332,"{""0"": 13060330606, ""1"": 38570799471, ""2"": 109643653098, ""3"": 111099185611, ""4"": 13059937479, ""5"": 52093566149, ""6"": 114174698304, ""7"": 10248161806, ""8"": 36532244073, ""9"": 64195520066}",0.8857569403171787,0.8857569403171787,0.13730026302813453,0.13347426173047008,0.7292254752413954,0.5599995665605433,1853575949.7402663,"{""a"": 2, ""b"": 4, ""c"": 7, ""d"": 5, ""e"": 9, ""f"": 1, ""g"": 3, ""h"": 6, ""i"": 3, ""j"": 1, ""k"": 9, ""l"": 8, ""m"": 5, ""n"": 2, ""o"": 6, ""p"": 7, ""q"": 0, ""r"": 5, ""s"": 8, ""t"": 3, ""u"": 1, ""v"": 4, ""w"": 2, ""x"": 0, ""y"": 0, ""z"": 4}"
68,random_12413,99,197103995034,99,0,0,0,0,0.0,0,0,1.0,3.1888459464892085,1.6214901303744216,"{""0"": 43783750062, ""1"": 53434341562, ""2"": 64435272736, ""3"": 24116258984, ""4"": 90211654685, ""5"": 119217640198, ""6"": 90593762613, ""7"": 13059937479, ""8"": 32668223166, ""9"": 31157255178}",0.9270271109408752,0.9270271109408752,0.13318628481265332,0.15302277667930742,0.7137909385080392,0.5164572892518673,1860775711.5103564,"{""a"": 2, ""b"": 7, ""c"": 8, ""d"": 9, ""e"": 4, ""f"": 8, ""g"": 2, ""h"": 5, ""i"": 1, ""j"": 0, ""k"": 4, ""l"": 1, ""m"": 3, ""n"": 0, ""o"": 6, ""p"": 1, ""q"": 3, ""r"": 4, ""s"": 6, ""t"": 5, ""u"": 3, ""v"": 7, ""w"": 9, ""x"": 0, ""y"": 2, ""z"": 5}"
69,random_31031,99,197103995034,99,0,0,0,0,0.0,0,0,1.0,3.223002543796324,1.6355374187894656,"{""0"": 18927669816, ""1"": 29196082632, ""2"": 76327183633, ""3"": 120905746436, ""4"": 51625215513, ""5"": 76906493414, ""6"": 65444225773, ""7"": 16932150552, ""8"": 43275140539, ""9"": 63138188355}",0.9374616200229352,0.9374616200229352,0.14584868090245034,0.12879695086905893,0.7253543682284908,0.4520774973160455,1869468475.2845335,"{""a"": 5, ""b"": 7, ""c"": 7, ""d"": 4, ""e"": 9, ""f"": 4, ""g"": 3, ""h"": 3, ""i"": 6, ""j"": 8, ""k"": 5, ""l"": 2, ""m"": 4, ""n"": 8, ""o"": 2, ""p"": 0, ""q"": 1, ""r"": 6, ""s"": 5, ""t"": 3, ""u"": 1, ""v"": 0, ""w"": 1, ""x"": 2, ""y"": 0, ""z"": 9}"
70,random_81980,99,197103995034,99,0,0,0,0,0.0,0,0,1.0,3.290600141266135,1.6665246970937253,"{""0"": 65906946251, ""1"": 45691238654, ""2"": 45075009542, ""3"": 53434341562, ""4"": 66505987559, ""5"": 88763301117, ""6"": 74231431851, ""7"": 43275140539, ""8"": 69982988219, ""9"": 9811711369}",0.9636743911306497,0.9636743911306497,0.1345683403513564,0.2055779806589482,0.6598536789896954,0.5864359844165541,1879045796.2476444,"{""a"": 5, ""b"": 9, ""c"": 1, ""d"": 0, ""e"": 6, ""f"": 1, ""g"": 0, ""h"": 0, ""i"": 3, ""j"": 9, ""k"": 4, ""l"": 3, ""m"": 6, ""n"": 7, ""o"": 4, ""p"": 3, ""q"": 8, ""r"": 5, ""s"": 2, ""t"": 8, ""u"": 1, ""v"": 2, ""w"": 2, ""x"": 4, ""y"": 5, ""z"": 7}"
71,random_75844,99,197103995034,99,0,0,0,0,0.0,0,0,1.0,3.3749525287361712,1.6039432943328518,"{""0"": 79020393524, ""1"": 45219944249, ""2"": 83042925698, ""3"": 82703231693, ""4"": 36894662404, ""5"": 94295443533, ""6"": 99430097394, ""7"": 27341822526, ""8"": 14220966119, ""9"": 508609523}",0.9003084606268397,0.9003084606268397,0.14134014371387843,0.10563928242545478,0.7530205738606668,0.43349327288732836,1879217166.2701197,"{""a"": 6, ""b"": 2, ""c"": 1, ""d"": 5, ""e"": 5, ""f"": 1, ""g"": 7, ""h"": 6, ""i"": 3, ""j"": 3, ""k"": 0, ""l"": 4, ""m"": 8, ""n"": 3, ""o"": 0, ""p"": 8, ""q"": 9, ""r"": 4, ""s"": 7, ""t"": 2, ""u"": 0, ""v"": 2, ""w"": 5, ""x"": 9, ""y"": 1, ""z"": 4}"
72,random_48439,99,197103995034,99,0,0,0,0,0.0,0,0,1.0,3.870759801111054,1.7592236299633928,"{""0"": 35827845988, ""1"": 3636332146, ""2"": 88370295193, ""3"": 86836472894, ""4"": 76161203843, ""5"": 46020578488, ""6"": 41826783432, ""7"": 77103427402, ""8"": 88662743133, ""9"": 18232414144}",0.9252123035380326,0.9252123035380326,0.09607670967220508,0.16403530868961458,0.7398879816381804,0.4207123172611507,1881553879.929594,"{""a"": 3, ""b"": 0, ""c"": 7, ""d"": 9, ""e"": 4, ""f"": 3, ""g"": 5, ""h"": 8, ""i"": 8, ""j"": 4, ""k"": 5, ""l"": 2, ""m"": 3, ""n"": 5, ""o"": 2, ""p"": 1, ""q"": 0, ""r"": 0, ""s"": 6, ""t"": 7, ""u"": 4, ""v"": 9, ""w"": 6, ""x"": 1, ""y"": 2, ""z"": 1}"
73,random_1139,99,197103995034,99,0,0,0,0,0.0,0,0,1.0,3.2232710243666487,1.6168417041776721,"{""0"": 13996765703, ""1"": 30590048636, ""2"": 25574736571, ""3"": 103670160372, ""4"": 26524744142, ""5"": 119217640198, ""6"": 61288688911, ""7"": 82703231693, ""8"": 23293506327, ""9"": 75818574110}",0.9121722807433887,0.9121722807433887,0.15962117655841923,0.09576266658069688,0.7446161568608839,0.4311901875285782,1882951001.9811573,"{""a"": 6, ""b"": 0, ""c"": 8, ""d"": 3, ""e"": 3, ""f"": 3, ""g"": 1, ""h"": 5, ""i"": 7, ""j"": 2, ""k"": 0, ""l"": 9, ""m"": 6, ""n"": 7, ""o"": 9, ""p"": 0, ""q"": 4, ""r"": 4, ""s"": 1, ""t"": 5, ""u"": 2, ""v"": 1, ""w"": 8, ""x"": 4, ""y"": 2, ""z"": 5}"
74,random_30050,99,197103995034,99,0,0,0,0,0.0,0,0,1.0,4.207466873758425,1.6355374187894656,"{""0"": 66769913680, ""1"": 26524744142, ""2"": 57355487738, ""3"": 14006250408, ""4"": 72558877867, ""5"": 114174698304, ""6"": 78122376389, ""7"": 77103427402, ""8"": 19421293254, ""9"": 36641027479}",0.9337078773114443,0.9337078773114443,0.18378348432662564,0.08165599064276012,0.7345605250306143,0.4166262999028535,1884586561.0574555,"{""a"": 4, ""b"": 4, ""c"": 7, ""d"": 6, ""e"": 6, ""f"": 9, ""g"": 0, ""h"": 5, ""i"": 0, ""j"": 5, ""k"": 2, ""l"": 3, ""m"": 9, ""n"": 2, ""o"": 5, ""p"": 3, ""q"": 3, ""r"": 1, ""s"": 0, ""t"": 7, ""u"": 2, ""v"": 8, ""w"": 8, ""x"": 1, ""y"": 4, ""z"": 1}"
75,random_46430,99,197103995034,99,0,0,0,0,0.0,0,0,1.0,3.316433381166329,1.668450331284623,"{""0"": 104859039482, ""1"": 25574736571, ""2"": 90956180944, ""3"": 82703231693, ""4"": 81370125527, ""5"": 54050480840, ""6"": 75849161703, ""7"": 18213682679, ""8"": 10869043080, ""9"": 18232414144}",0.9134200061879069,0.9134200061879069,0.2187599879149412,0.06476843486023762,0.7164715772248211,0.5095657450676002,1886462144.0354722,"{""a"": 6, ""b"": 8, ""c"": 7, ""d"": 9, ""e"": 0, ""f"": 0, ""g"": 5, ""h"": 5, ""i"": 3, ""j"": 3, ""k"": 8, ""l"": 4, ""m"": 7, ""n"": 3, ""o"": 2, ""p"": 5, ""q"": 2, ""r"": 2, ""s"": 6, ""t"": 4, ""u"": 1, ""v"": 9, ""w"": 0, ""x"": 4, ""y"": 1, ""z"": 1}"
76,random_44113,99,197103995034,99,0,0,0,0,0.0,0,0,1.0,3.333474365035888,1.677972617338116,"{""0"": 49234651979, ""1"": 40485422865, ""2"": 45691238654, ""3"": 77506680348, ""4"": 45075009542, ""5"": 109541051517, ""6"": 24795899403, ""7"": 76211580034, ""8"": 70491597742, ""9"": 23644964579}",0.9563352225973692,0.9563352225973692,0.12952275375604175,0.19723003483724819,0.6732472114067101,0.5528973674128725,1886965786.420558,"{""a"": 7, ""b"": 6, ""c"": 2, ""d"": 6, ""e"": 5, ""f"": 2, ""g"": 3, ""h"": 0, ""i"": 1, ""j"": 0, ""k"": 1, ""l"": 3, ""m"": 9, ""n"": 5, ""o"": 3, ""p"": 5, ""q"": 0, ""r"": 7, ""s"": 4, ""t"": 8, ""u"": 2, ""v"": 4, ""w"": 4, ""x"": 8, ""y"": 9, ""z"": 1}"
77,random_98560,99,197103995034,99,0,0,0,0,0.0,0,0,1.0,3.4507247299968493,1.6175437774561774,"{""0"": 67136762086, ""1"": 38676731776, ""2"": 23029102992, ""3"": 112538801996, ""4"": 41347731176, ""5"": 109643653098, ""6"": 26016134619, ""7"": 112372840334, ""8"": 16932150552, ""9"": 14984188034}",0.8975790750082999,0.8975790750082999,0.14594659114513925,0.09882894439608043,0.7552244644587803,0.4193984946192847,1891971645.2703035,"{""a"": 5, ""b"": 8, ""c"": 8, ""d"": 9, ""e"": 7, ""f"": 4, ""g"": 0, ""h"": 7, ""i"": 3, ""j"": 6, ""k"": 2, ""l"": 2, ""m"": 2, ""n"": 5, ""o"": 0, ""p"": 3, ""q"": 9, ""r"": 6, ""s"": 1, ""t"": 3, ""u"": 1, ""v"": 4, ""w"": 5, ""x"": 0, ""y"": 4, ""z"": 1}"
78,random_39074,99,197103995034,99,0,0,0,0,0.0,0,0,1.0,3.3182960150004974,1.5975975821021877,"{""0"": 13289959257, ""1"": 39039150107, ""2"": 66265910978, ""3"": 67425844270, ""4"": 79960063171, ""5"": 65638572991, ""6"": 32774155471, ""7"": 52482878089, ""8"": 75818574110, ""9"": 69982988219}",0.9658057188920571,0.9658057188920571,0.14799393822125967,0.2041268798237774,0.647879181954963,0.6023185004184464,1894595645.367848,"{""a"": 3, ""b"": 5, ""c"": 6, ""d"": 4, ""e"": 2, ""f"": 4, ""g"": 0, ""h"": 7, ""i"": 4, ""j"": 2, ""k"": 3, ""l"": 8, ""m"": 0, ""n"": 5, ""o"": 8, ""p"": 2, ""q"": 9, ""r"": 1, ""s"": 6, ""t"": 9, ""u"": 1, ""v"": 7, ""w"": 3, ""x"": 0, ""y"": 5, ""z"": 1}"
79,random_71795,99,197103995034,99,0,0,0,0,0.0,0,0,1.0,3.30585960036782,1.6109879225138304,"{""0"": 59425878650, ""1"": 44229817298, ""2"": 85782935412, ""3"": 49743261502, ""4"": 81148942281, ""5"": 52940883364, ""6"": 79924234359, ""7"": 9811711369, ""8"": 63138188355, ""9"": 36532244073}",0.9602222417168158,0.9602222417168158,0.17053822299479232,0.1908160390279151,0.6386457379772926,0.6380316550944021,1897704105.0713918,"{""a"": 5, ""b"": 7, ""c"": 1, ""d"": 6, ""e"": 8, ""f"": 4, ""g"": 5, ""h"": 3, ""i"": 4, ""j"": 7, ""k"": 5, ""l"": 9, ""m"": 1, ""n"": 0, ""o"": 6, ""p"": 0, ""q"": 3, ""r"": 1, ""s"": 9, ""t"": 2, ""u"": 0, ""v"": 2, ""w"": 4, ""x"": 3, ""y"": 2, ""z"": 8}"
80,random_3315,99,197103995034,99,0,0,0,0,0.0,0,0,1.0,3.110678404419134,1.6290709972652335,"{""0"": 69245604146, ""1"": 23659877519, ""2"": 142932887943, ""3"": 64975875137, ""4"": 33136573802, ""5"": 75849161703, ""6"": 64218840013, ""7"": 13531625011, ""8"": 46402863162, ""9"": 28724788227}",0.9208685713121418,0.9208685713121418,0.17411445896689412,0.1245165594618162,0.7013689815712897,0.5274642702006535,1898793099.6386025,"{""a"": 5, ""b"": 2, ""c"": 4, ""d"": 6, ""e"": 2, ""f"": 3, ""g"": 1, ""h"": 6, ""i"": 3, ""j"": 5, ""k"": 0, ""l"": 1, ""m"": 1, ""n"": 8, ""o"": 0, ""p"": 8, ""q"": 3, ""r"": 4, ""s"": 5, ""t"": 2, ""u"": 7, ""v"": 0, ""w"": 9, ""x"": 7, ""y"": 9, ""z"": 4}"
81,random_49015,99,197103995034,99,0,0,0,0,0.0,0,0,1.0,3.9362096835843885,1.6039729566235577,"{""0"": 28007203522, ""1"": 28293221932, ""2"": 55601158298, ""3"": 35974037180, ""4"": 96718812064, ""5"": 125053226089, ""6"": 66265910978, ""7"": 33136573802, ""8"": 23644964579, ""9"": 69982988219}",0.9347233422431792,0.9347233422431792,0.17414964670232833,0.09230532842672015,0.7335450248709515,0.401673280163103,1900323925.82788,"{""a"": 4, ""b"": 3, ""c"": 7, ""d"": 0, ""e"": 6, ""f"": 1, ""g"": 1, ""h"": 5, ""i"": 2, ""j"": 9, ""k"": 1, ""l"": 5, ""m"": 8, ""n"": 4, ""o"": 5, ""p"": 6, ""q"": 0, ""r"": 7, ""s"": 3, ""t"": 9, ""u"": 0, ""v"": 4, ""w"": 2, ""x"": 3, ""y"": 8, ""z"": 2}"
82,random_55728,99,197103995034,99,0,0,0,0,0.0,0,0,1.0,3.366006566064558,1.6293975222754895,"{""0"": 35974037180, ""1"": 39625187413, ""2"": 26077431530, ""3"": 117291856679, ""4"": 65385390090, ""5"": 77103427402, ""6"": 50195445415, ""7"": 42676317264, ""8"": 41720851127, ""9"": 66628152563}",0.9602718219461103,0.9602718219461103,0.18234615911209115,0.14456940659753437,0.6730844342903745,0.5237763045242221,1908387241.3096018,"{""a"": 6, ""b"": 0, ""c"": 5, ""d"": 2, ""e"": 3, ""f"": 8, ""g"": 9, ""h"": 4, ""i"": 7, ""j"": 5, ""k"": 1, ""l"": 3, ""m"": 2, ""n"": 3, ""o"": 9, ""p"": 4, ""q"": 2, ""r"": 1, ""s"": 0, ""t"": 5, ""u"": 4, ""v"": 7, ""w"": 8, ""x"": 0, ""y"": 1, ""z"": 6}"
83,random_28174,99,197103995034,99,0,0,0,0,0.0,0,0,1.0,3.096141899476625,1.66048508872965,"{""0"": 73619320365, ""1"": 27235890221, ""2"": 51252777126, ""3"": 30765403762, ""4"": 94204407054, ""5"": 82703231693, ""6"": 72949899724, ""7"": 62257667467, ""8"": 31157255178, ""9"": 36532244073}",0.9628665349415984,0.9628665349415984,0.19576302168373214,0.10377717871959909,0.7004597995966688,0.43635803317076555,1908488502.9387047,"{""a"": 2, ""b"": 6, ""c"": 3, ""d"": 8, ""e"": 6, ""f"": 1, ""g"": 1, ""h"": 7, ""i"": 5, ""j"": 5, ""k"": 2, ""l"": 9, ""m"": 3, ""n"": 5, ""o"": 4, ""p"": 0, ""q"": 2, ""r"": 4, ""s"": 9, ""t"": 0, ""u"": 7, ""v"": 4, ""w"": 8, ""x"": 0, ""y"": 3, ""z"": 1}"
84,random_20457,99,197103995034,99,0,0,0,0,0.0,0,0,1.0,3.260394980827997,1.5975975821021877,"{""0"": 42778182838, ""1"": 40237100738, ""2"": 56298156027, ""3"": 77537267941, ""4"": 72060485508, ""5"": 52488028633, ""6"": 78122376389, ""7"": 61786373062, ""8"": 10878527785, ""9"": 70491597742}",0.9665974512597969,0.9665974512597969,0.20130476244188994,0.0908434659641892,0.7078517715939209,0.4053988359722565,1909790816.9009502,"{""a"": 3, ""b"": 5, ""c"": 4, ""d"": 6, ""e"": 6, ""f"": 0, ""g"": 3, ""h"": 7, ""i"": 5, ""j"": 4, ""k"": 0, ""l"": 8, ""m"": 1, ""n"": 2, ""o"": 4, ""p"": 1, ""q"": 2, ""r"": 1, ""s"": 3, ""t"": 9, ""u"": 2, ""v"": 5, ""w"": 0, ""x"": 9, ""y"": 7, ""z"": 8}"
85,random_36301,99,197103995034,99,0,0,0,0,0.0,0,0,1.0,3.280577281122386,1.5975975821021877,"{""0"": 68571948396, ""1"": 71040319930, ""2"": 19901788917, ""3"": 38714046894, ""4"": 92334270987, ""5"": 90487830308, ""6"": 93470585954, ""7"": 49234651979, ""8"": 14126753895, ""9"": 24795899403}",0.9346207004267766,0.9346207004267766,0.16593474733195454,0.15136020813692413,0.6827050445311214,0.5443851990723536,1910192238.6551356,"{""a"": 6, ""b"": 9, ""c"": 2, ""d"": 9, ""e"": 4, ""f"": 5, ""g"": 2, ""h"": 7, ""i"": 0, ""j"": 1, ""k"": 1, ""l"": 8, ""m"": 2, ""n"": 6, ""o"": 5, ""p"": 0, ""q"": 5, ""r"": 0, ""s"": 3, ""t"": 1, ""u"": 4, ""v"": 8, ""w"": 4, ""x"": 3, ""y"": 3, ""z"": 7}"
86,random_46284,99,197103995034,99,0,0,0,0,0.0,0,0,1.0,3.0967369200797323,1.6272889486875808,"{""0"": 21971771281, ""1"": 64223990557, ""2"": 59448207683, ""3"": 62294982585, ""4"": 75743229398, ""5"": 92402549084, ""6"": 65997378036, ""7"": 20143454671, ""8"": 27341822526, ""9"": 73110710842}",0.9575236771701047,0.9575236771701047,0.16898202131359477,0.1627321440554327,0.6682858346309726,0.540861675684728,1911153317.3421087,"{""a"": 4, ""b"": 1, ""c"": 7, ""d"": 1, ""e"": 5, ""f"": 4, ""g"": 8, ""h"": 3, ""i"": 1, ""j"": 2, ""k"": 6, ""l"": 0, ""m"": 0, ""n"": 2, ""o"": 6, ""p"": 9, ""q"": 4, ""r"": 5, ""s"": 8, ""t"": 9, ""u"": 7, ""v"": 5, ""w"": 2, ""x"": 3, ""y"": 3, ""z"": 0}"
87,random_49544,99,197103995034,99,0,0,0,0,0.0,0,0,1.0,3.508070859049435,1.7975821666013527,"{""0"": 81254874586, ""1"": 4936332348, ""2"": 93413237087, ""3"": 16150738111, ""4"": 87044673542, ""5"": 77268911745, ""6"": 53086851908, ""7"": 63138188355, ""8"": 36641027479, ""9"": 49743261502}",0.9306424090688737,0.9306424090688737,0.2328118632392005,0.07389191097641316,0.6932962257843863,0.5183964568866672,1912332572.3519757,"{""a"": 5, ""b"": 6, ""c"": 4, ""d"": 4, ""e"": 7, ""f"": 8, ""g"": 1, ""h"": 9, ""i"": 0, ""j"": 1, ""k"": 5, ""l"": 2, ""m"": 8, ""n"": 6, ""o"": 4, ""p"": 3, ""q"": 3, ""r"": 5, ""s"": 0, ""t"": 2, ""u"": 3, ""v"": 1, ""w"": 0, ""x"": 9, ""y"": 2, ""z"": 7}"
88,random_51404,99,197103995034,99,0,0,0,0,0.0,0,0,1.0,3.3743606490080107,1.6919715181342365,"{""0"": 53086851908, ""1"": 81617292917, ""2"": 49449327256, ""3"": 19271014390, ""4"": 65995392608, ""5"": 114060946572, ""6"": 70491597742, ""7"": 79924234359, ""8"": 25653716288, ""9"": 3127722623}",0.9181098217628405,0.9181098217628405,0.09990538971462419,0.19064365547757747,0.7094509548077983,0.49399936684594187,1913316197.7463536,"{""a"": 4, ""b"": 0, ""c"": 3, ""d"": 7, ""e"": 5, ""f"": 2, ""g"": 5, ""h"": 5, ""i"": 1, ""j"": 8, ""k"": 3, ""l"": 2, ""m"": 3, ""n"": 0, ""o"": 7, ""p"": 9, ""q"": 0, ""r"": 1, ""s"": 8, ""t"": 6, ""u"": 2, ""v"": 4, ""w"": 1, ""x"": 6, ""y"": 4, ""z"": 9}"
89,random_24786,99,197103995034,99,0,0,0,0,0.0,0,0,1.0,3.096892723497084,1.6594963665631288,"{""0"": 51625215513, ""1"": 19672160266, ""2"": 121866539872, ""3"": 87039731628, ""4"": 29652466765, ""5"": 26711047999, ""6"": 43275140539, ""7"": 49239802523, ""8"": 81113113469, ""9"": 52482878089}",0.9411759777732625,0.9411759777732625,0.1850224741631494,0.17911710857897933,0.6358604172578712,0.6666290611946012,1915296704.8777947,"{""a"": 2, ""b"": 7, ""c"": 1, ""d"": 0, ""e"": 3, ""f"": 0, ""g"": 2, ""h"": 9, ""i"": 7, ""j"": 1, ""k"": 5, ""l"": 3, ""m"": 0, ""n"": 6, ""o"": 8, ""p"": 4, ""q"": 6, ""r"": 4, ""s"": 5, ""t"": 2, ""u"": 3, ""v"": 9, ""w"": 8, ""x"": 4, ""y"": 1, ""z"": 5}"
90,random_6817,99,197103995034,99,0,0,0,0,0.0,0,0,1.0,3.3245504280061158,1.639245226350007,"{""0"": 79794699588, ""1"": 29196082632, ""2"": 96718812064, ""3"": 75291045485, ""4"": 79179708100, ""5"": 98076620127, ""6"": 42555813777, ""7"": 12551721083, ""8"": 21971771281, ""9"": 27341822526}",0.9278573820530646,0.9278573820530646,0.19040464299104637,0.09093628171498833,0.7186590752939653,0.4432905311122416,1916853577.510481,"{""a"": 2, ""b"": 0, ""c"": 5, ""d"": 4, ""e"": 4, ""f"": 3, ""g"": 9, ""h"": 3, ""i"": 6, ""j"": 7, ""k"": 4, ""l"": 8, ""m"": 8, ""n"": 2, ""o"": 5, ""p"": 6, ""q"": 1, ""r"": 5, ""s"": 9, ""t"": 0, ""u"": 1, ""v"": 2, ""w"": 1, ""x"": 3, ""y"": 7, ""z"": 0}"
91,random_10211,99,197103995034,99,0,0,0,0,0.0,0,0,1.0,3.7716667793403342,1.5975975821021877,"{""0"": 28796010093, ""1"": 82438978122, ""2"": 65081807442, ""3"": 19271014390, ""4"": 36453264356, ""5"": 114683307827, ""6"": 69982988219, ""7"": 93470585954, ""8"": 24795899403, ""9"": 27704240857}",0.9308359355260912,0.9308359355260912,0.1004130981551948,0.19057944171092422,0.7090074601338809,0.4626741786119524,1920415336.4170527,"{""a"": 7, ""b"": 8, ""c"": 3, ""d"": 8, ""e"": 1, ""f"": 0, ""g"": 9, ""h"": 5, ""i"": 2, ""j"": 6, ""k"": 3, ""l"": 4, ""m"": 3, ""n"": 7, ""o"": 5, ""p"": 1, ""q"": 0, ""r"": 9, ""s"": 2, ""t"": 6, ""u"": 4, ""v"": 0, ""w"": 1, ""x"": 5, ""y"": 4, ""z"": 2}"
92,random_37796,99,197103995034,99,0,0,0,0,0.0,0,0,1.0,3.5021761461705836,1.6814229114069028,"{""0"": 26421228950, ""1"": 57986262265, ""2"": 36532244073, ""3"": 78030662072, ""4"": 87304823530, ""5"": 64195520066, ""6"": 64940046325, ""7"": 24795899403, ""8"": 109411079373, ""9"": 13060330606}",0.937488085882303,0.937488085882303,0.07016722312481688,0.2975010803348506,0.6323316965403325,0.6732661112432459,1926457615.9900606,"{""a"": 4, ""b"": 7, ""c"": 0, ""d"": 7, ""e"": 5, ""f"": 3, ""g"": 1, ""h"": 3, ""i"": 8, ""j"": 2, ""k"": 5, ""l"": 2, ""m"": 4, ""n"": 1, ""o"": 6, ""p"": 0, ""q"": 5, ""r"": 4, ""s"": 2, ""t"": 8, ""u"": 1, ""v"": 3, ""w"": 0, ""x"": 9, ""y"": 9, ""z"": 6}"
93,random_62062,99,197103995034,99,0,0,0,0,0.0,0,0,1.0,3.2142341942674273,1.6268383365374584,"{""0"": 25853231114, ""1"": 41720851127, ""2"": 123251368119, ""3"": 30590048636, ""4"": 15679443706, ""5"": 61288688911, ""6"": 56298156027, ""7"": 109411079373, ""8"": 26524744142, ""9"": 72060485508}",0.9218258517406104,0.9218258517406104,0.17401373396740308,0.12128710122845558,0.7046991648041413,0.4833920759527393,1930494403.1604495,"{""a"": 5, ""b"": 0, ""c"": 9, ""d"": 0, ""e"": 2, ""f"": 1, ""g"": 3, ""h"": 2, ""i"": 7, ""j"": 5, ""k"": 0, ""l"": 2, ""m"": 5, ""n"": 6, ""o"": 9, ""p"": 4, ""q"": 1, ""r"": 8, ""s"": 3, ""t"": 7, ""u"": 6, ""v"": 3, ""w"": 1, ""x"": 8, ""y"": 4, ""z"": 4}"
94,random_69806,99,197103995034,99,0,0,0,0,0.0,0,0,1.0,3.229498535279293,1.6192133460863984,"{""0"": 23293506327, ""1"": 65034599172, ""2"": 136248899197, ""3"": 13289959257, ""4"": 65444225773, ""5"": 49449327256, ""6"": 75849161703, ""7"": 79924234359, ""8"": 44332472250, ""9"": 9811711369}",0.9099411928951274,0.9099411928951274,0.0588350921998434,0.19436880886355576,0.7467960989366008,0.3783888112412904,1932940246.9293904,"{""a"": 6, ""b"": 9, ""c"": 0, ""d"": 7, ""e"": 2, ""f"": 5, ""g"": 3, ""h"": 1, ""i"": 4, ""j"": 0, ""k"": 8, ""l"": 5, ""m"": 3, ""n"": 8, ""o"": 7, ""p"": 2, ""q"": 4, ""r"": 4, ""s"": 6, ""t"": 2, ""u"": 5, ""v"": 1, ""w"": 0, ""x"": 3, ""y"": 1, ""z"": 9}"
95,random_38753,99,197103995034,99,0,0,0,0,0.0,0,0,1.0,3.3019202471250506,1.6168807725131398,"{""0"": 94295443533, ""1"": 27235890221, ""2"": 68849877110, ""3"": 36336455511, ""4"": 99430097394, ""5"": 21971771281, ""6"": 40485422865, ""7"": 134923034544, ""8"": 28901942398, ""9"": 10248161806}",0.8990117474757855,0.8990117474757855,0.18579647219076562,0.09976900283115543,0.7144345249780789,0.4965545302446554,1933706876.720026,"{""a"": 4, ""b"": 3, ""c"": 9, ""d"": 0, ""e"": 0, ""f"": 1, ""g"": 1, ""h"": 4, ""i"": 6, ""j"": 5, ""k"": 6, ""l"": 5, ""m"": 5, ""n"": 2, ""o"": 7, ""p"": 9, ""q"": 1, ""r"": 3, ""s"": 8, ""t"": 7, ""u"": 2, ""v"": 8, ""w"": 0, ""x"": 3, ""y"": 2, ""z"": 4}"
96,random_70357,99,197103995034,99,0,0,0,0,0.0,0,0,1.0,3.96468836699226,1.6293095931039017,"{""0"": 25099493904, ""1"": 115232030015, ""2"": 79960063171, ""3"": 79794699588, ""4"": 92022228847, ""5"": 39039150107, ""6"": 50395579722, ""7"": 63138188355, ""8"": 15799947193, ""9"": 2196715761}",0.9044199466160315,0.9044199466160315,0.04851123551259946,0.2328720061880743,0.7186167582993263,0.47251265480589816,1934375825.2039185,"{""a"": 4, ""b"": 3, ""c"": 6, ""d"": 2, ""e"": 7, ""f"": 2, ""g"": 9, ""h"": 1, ""i"": 2, ""j"": 7, ""k"": 1, ""l"": 0, ""m"": 0, ""n"": 6, ""o"": 1, ""p"": 0, ""q"": 5, ""r"": 5, ""s"": 4, ""t"": 3, ""u"": 5, ""v"": 8, ""w"": 4, ""x"": 9, ""y"": 8, ""z"": 3}"
97,random_50049,99,197103995034,99,0,0,0,0,0.0,0,0,1.0,3.1022546431315274,1.5975975821021877,"{""0"": 42555813777, ""1"": 45325876554, ""2"": 88685972338, ""3"": 10320320892, ""4"": 135980366255, ""5"": 30884188870, ""6"": 64218840013, ""7"": 46523366649, ""8"": 37109378115, ""9"": 61073973200}",0.9291303149511932,0.9291303149511932,0.18417242041512433,0.14650517793013054,0.6693224016547451,0.5703101366726055,1935031049.5358987,"{""a"": 9, ""b"": 3, ""c"": 1, ""d"": 6, ""e"": 2, ""f"": 2, ""g"": 5, ""h"": 6, ""i"": 0, ""j"": 0, ""k"": 4, ""l"": 9, ""m"": 8, ""n"": 7, ""o"": 4, ""p"": 0, ""q"": 2, ""r"": 8, ""s"": 1, ""t"": 4, ""u"": 5, ""v"": 7, ""w"": 5, ""x"": 3, ""y"": 1, ""z"": 3}"
98,random_61379,99,197103995034,99,0,0,0,0,0.0,0,0,1.0,3.159575165113089,1.6109879225138304,"{""0"": 61288688911, ""1"": 42676317264, ""2"": 37040853596, ""3"": 48382510840, ""4"": 113430172045, ""5"": 81612340597, ""6"": 42189201763, ""7"": 50395579722, ""8"": 73110710842, ""9"": 12551721083}",0.9512758392823875,0.9512758392823875,0.1312302903416989,0.20577845271156403,0.6629912569467371,0.5412185491460008,1938770085.7010646,"{""a"": 0, ""b"": 3, ""c"": 7, ""d"": 5, ""e"": 4, ""f"": 3, ""g"": 5, ""h"": 4, ""i"": 1, ""j"": 1, ""k"": 4, ""l"": 2, ""m"": 0, ""n"": 7, ""o"": 5, ""p"": 8, ""q"": 0, ""r"": 6, ""s"": 2, ""t"": 8, ""u"": 3, ""v"": 1, ""w"": 6, ""x"": 2, ""y"": 9, ""z"": 9}"
99,random_63147,99,197103995034,99,0,0,0,0,0.0,0,0,1.0,3.2934219187237868,1.6274397286095954,"{""0"": 37153533895, ""1"": 71315995058, ""2"": 75743229398, ""3"": 82371225781, ""4"": 109411079373, ""5"": 122586396038, ""6"": 12551721083, ""7"": 14080347199, ""8"": 25862715819, ""9"": 11601853019}",0.8866627584488603,0.8866627584488603,0.0866488089782543,0.17270747067164127,0.7406437203501044,0.4362575801303659,1939982019.5010748,"{""a"": 2, ""b"": 0, ""c"": 3, ""d"": 8, ""e"": 5, ""f"": 2, ""g"": 0, ""h"": 3, ""i"": 4, ""j"": 4, ""k"": 7, ""l"": 8, ""m"": 9, ""n"": 5, ""o"": 1, ""p"": 1, ""q"": 2, ""r"": 3, ""s"": 0, ""t"": 4, ""u"": 7, ""v"": 1, ""w"": 5, ""x"": 9, ""y"": 6, ""z"": 6}"
100,random_62063,99,197103995034,99,0,0,0,0,0.0,0,0,1.0,3.906124924105124,1.6212619120575262,"{""0"": 53037143948, ""1"": 41000322653, ""2"": 75743229398, ""3"": 136369402684, ""4"": 115862804542, ""5"": 42585866840, ""6"": 16681676667, ""7"": 24116258984, ""8"": 43275140539, ""9"": 14006250408}",0.901678103569614,0.901678103569614,0.119150531633638,0.14977562427221044,0.7310738440941515,0.4332058131643017,1941687664.3349867,"{""a"": 2, ""b"": 5, ""c"": 5, ""d"": 1, ""e"": 3, ""f"": 2, ""g"": 4, ""h"": 4, ""i"": 0, ""j"": 8, ""k"": 0, ""l"": 9, ""m"": 7, ""n"": 8, ""o"": 4, ""p"": 9, ""q"": 2, ""r"": 1, ""s"": 5, ""t"": 3, ""u"": 7, ""v"": 3, ""w"": 6, ""x"": 6, ""y"": 0, ""z"": 1}"
